SET @OLD_UNIQUE_CHECKS=@@UNIQUE_CHECKS, UNIQUE_CHECKS=0;
SET @OLD_FOREIGN_KEY_CHECKS=@@FOREIGN_KEY_CHECKS, FOREIGN_KEY_CHECKS=0;
SET @OLD_SQL_MODE=@@SQL_MODE, SQL_MODE='ONLY_FULL_GROUP_BY,STRICT_TRANS_TABLES,NO_ZERO_IN_DATE,NO_ZERO_DATE,ERROR_FOR_DIVISION_BY_ZERO,NO_ENGINE_SUBSTITUTION';

-- -----------------------------------------------------
-- Schema lw6
-- -----------------------------------------------------
DROP SCHEMA IF EXISTS `lw6` ;

-- -----------------------------------------------------
-- Schema lw6
-- -----------------------------------------------------
CREATE SCHEMA IF NOT EXISTS `lw6` DEFAULT CHARACTER SET utf8 COLLATE utf8_bin ;
USE `lw6` ;

-- -----------------------------------------------------
-- Table `lw6`.`company`
-- -----------------------------------------------------
DROP TABLE IF EXISTS `lw6`.`company` ;

CREATE TABLE IF NOT EXISTS `lw6`.`company` (
  `id_company` INT NOT NULL AUTO_INCREMENT,
  `name` VARCHAR(45) NULL DEFAULT NULL,
  `established` INT NULL DEFAULT NULL,
  PRIMARY KEY (`id_company`))
ENGINE = InnoDB
DEFAULT CHARACTER SET = utf8mb4
COLLATE = utf8mb4_0900_ai_ci;


-- -----------------------------------------------------
-- Table `lw6`.`dealer`
-- -----------------------------------------------------
DROP TABLE IF EXISTS `lw6`.`dealer` ;

CREATE TABLE IF NOT EXISTS `lw6`.`dealer` (
  `id_dealer` INT NOT NULL AUTO_INCREMENT,
  `id_company` INT NOT NULL,
  `name` VARCHAR(45) NULL DEFAULT NULL,
  `phone` VARCHAR(45) NULL DEFAULT NULL,
  PRIMARY KEY (`id_dealer`, `id_company`),
  INDEX `fk_dealer_company_idx` (`id_company` ASC) VISIBLE,
  CONSTRAINT `fk_dealer_company`
    FOREIGN KEY (`id_company`)
    REFERENCES `lw6`.`company` (`id_company`)
    ON DELETE CASCADE
    ON UPDATE CASCADE)
ENGINE = InnoDB
DEFAULT CHARACTER SET = utf8mb4
COLLATE = utf8mb4_0900_ai_ci;


-- -----------------------------------------------------
-- Table `lw6`.`medicine`
-- -----------------------------------------------------
DROP TABLE IF EXISTS `lw6`.`medicine` ;

CREATE TABLE IF NOT EXISTS `lw6`.`medicine` (
  `id_medicine` INT NOT NULL AUTO_INCREMENT,
  `name` VARCHAR(45) NULL DEFAULT NULL,
  `cure_duration` INT NULL DEFAULT NULL,
  PRIMARY KEY (`id_medicine`))
ENGINE = InnoDB
DEFAULT CHARACTER SET = utf8mb4
COLLATE = utf8mb4_0900_ai_ci;


-- -----------------------------------------------------
-- Table `lw6`.`pharmacy`
-- -----------------------------------------------------
DROP TABLE IF EXISTS `lw6`.`pharmacy` ;

CREATE TABLE IF NOT EXISTS `lw6`.`pharmacy` (
  `id_pharmacy` INT NOT NULL AUTO_INCREMENT,
  `name` VARCHAR(45) NULL DEFAULT NULL,
  `rating` INT NULL DEFAULT NULL,
  PRIMARY KEY (`id_pharmacy`))
ENGINE = InnoDB
DEFAULT CHARACTER SET = utf8mb4
COLLATE = utf8mb4_0900_ai_ci;


-- -----------------------------------------------------
-- Table `lw6`.`production`
-- -----------------------------------------------------
DROP TABLE IF EXISTS `lw6`.`production` ;

CREATE TABLE IF NOT EXISTS `lw6`.`production` (
  `id_production` INT NOT NULL AUTO_INCREMENT,
  `id_company` INT NOT NULL,
  `id_medicine` INT NOT NULL,
  `price` DECIMAL(10,2) NULL DEFAULT NULL,
  `rating` INT NULL DEFAULT NULL,
  PRIMARY KEY (`id_production`, `id_medicine`, `id_company`),
  INDEX `fk_production_medicine1_idx` (`id_medicine` ASC) VISIBLE,
  INDEX `fk_production_company1_idx` (`id_company` ASC) VISIBLE,
  CONSTRAINT `fk_production_medicine1`
    FOREIGN KEY (`id_medicine`)
    REFERENCES `lw6`.`medicine` (`id_medicine`)
    ON DELETE CASCADE
    ON UPDATE CASCADE,
  CONSTRAINT `fk_production_company1`
    FOREIGN KEY (`id_company`)
    REFERENCES `lw6`.`company` (`id_company`)
    ON DELETE NO ACTION
    ON UPDATE NO ACTION)
ENGINE = InnoDB
DEFAULT CHARACTER SET = utf8mb4
COLLATE = utf8mb4_0900_ai_ci;


-- -----------------------------------------------------
-- Table `lw6`.`order`
-- -----------------------------------------------------
DROP TABLE IF EXISTS `lw6`.`order` ;

CREATE TABLE IF NOT EXISTS `lw6`.`order` (
  `id_order` INT NOT NULL AUTO_INCREMENT,
  `id_production` INT NOT NULL,
  `id_dealer` INT NOT NULL,
  `id_pharmacy` INT NOT NULL,
  `date` DATE NULL DEFAULT NULL,
  `quantity` INT NULL DEFAULT NULL,
  PRIMARY KEY (`id_order`, `id_dealer`, `id_pharmacy`, `id_production`),
  INDEX `fk_order_dealer1_idx` (`id_dealer` ASC) VISIBLE,
  INDEX `fk_order_pharmacy1_idx` (`id_pharmacy` ASC) VISIBLE,
  INDEX `fk_order_production1_idx` (`id_production` ASC) VISIBLE,
  CONSTRAINT `fk_order_dealer1`
    FOREIGN KEY (`id_dealer`)
    REFERENCES `lw6`.`dealer` (`id_dealer`)
    ON DELETE CASCADE
    ON UPDATE CASCADE,
  CONSTRAINT `fk_order_pharmacy1`
    FOREIGN KEY (`id_pharmacy`)
    REFERENCES `lw6`.`pharmacy` (`id_pharmacy`)
    ON DELETE CASCADE
    ON UPDATE CASCADE,
  CONSTRAINT `fk_order_production1`
    FOREIGN KEY (`id_production`)
    REFERENCES `lw6`.`production` (`id_production`)
    ON DELETE CASCADE
    ON UPDATE CASCADE)
ENGINE = InnoDB
DEFAULT CHARACTER SET = utf8mb4
COLLATE = utf8mb4_0900_ai_ci;


SET SQL_MODE=@OLD_SQL_MODE;
SET FOREIGN_KEY_CHECKS=@OLD_FOREIGN_KEY_CHECKS;
SET UNIQUE_CHECKS=@OLD_UNIQUE_CHECKS;

START TRANSACTION;
USE `lw6`;
INSERT INTO `lw6`.`company` (`id_company`, `name`, `established`) VALUES (1, 'Pfizer', 1997);
INSERT INTO `lw6`.`company` (`id_company`, `name`, `established`) VALUES (2, 'Novartis', 1990);
INSERT INTO `lw6`.`company` (`id_company`, `name`, `established`) VALUES (3, 'Roche Holding', 2000);
INSERT INTO `lw6`.`company` (`id_company`, `name`, `established`) VALUES (4, 'AstraZeneca', 2014);
INSERT INTO `lw6`.`company` (`id_company`, `name`, `established`) VALUES (5, 'Merck KGaA', 1940);
INSERT INTO `lw6`.`company` (`id_company`, `name`, `established`) VALUES (6, 'McKesson', 2005);
INSERT INTO `lw6`.`company` (`id_company`, `name`, `established`) VALUES (7, 'Аргус', 2003);
INSERT INTO `lw6`.`company` (`id_company`, `name`, `established`) VALUES (8, 'Фарма', 1978);

INSERT INTO lw6.dealer (id_dealer, id_company, name, phone) VALUES (1, 8, 'Ловзанский Феоктист Фомевич', '7(7800)227-72-32');
INSERT INTO lw6.dealer (id_dealer, id_company, name, phone) VALUES (2, 6, 'Яшуков Капитон Архипович', '7(676)046-56-35');
INSERT INTO lw6.dealer (id_dealer, id_company, name, phone) VALUES (3, 7, 'Кривоухов Эрнст Адрианович', '7(13)135-92-59');
INSERT INTO lw6.dealer (id_dealer, id_company, name, phone) VALUES (4, 8, 'Каширин Емельян Никитевич', '7(823)568-93-66');
INSERT INTO lw6.dealer (id_dealer, id_company, name, phone) VALUES (5, 3, 'Рябков Елисей Эдуардович', '7(600)638-84-26');
INSERT INTO lw6.dealer (id_dealer, id_company, name, phone) VALUES (6, 5, 'Савин Севастьян Севастьянович', '7(515)653-47-70');
INSERT INTO lw6.dealer (id_dealer, id_company, name, phone) VALUES (7, 7, 'Шадрин Семён Изяславович', '7(48)758-11-92');
INSERT INTO lw6.dealer (id_dealer, id_company, name, phone) VALUES (8, 3, 'Амелин Антип Онуфриевич', '7(651)041-69-32');
INSERT INTO lw6.dealer (id_dealer, id_company, name, phone) VALUES (9, 2, 'Блантер Лавр Леонович', '7(9704)858-24-00');
INSERT INTO lw6.dealer (id_dealer, id_company, name, phone) VALUES (10, 3, 'Шемякин Пимен Валерьянович', '7(9219)560-71-11');
INSERT INTO lw6.dealer (id_dealer, id_company, name, phone) VALUES (11, 4, 'Русинов Данил Мечиславович', '7(706)767-81-36');
INSERT INTO lw6.dealer (id_dealer, id_company, name, phone) VALUES (12, 3, 'Гершкович Федор Тарасович', '7(180)992-11-16');
INSERT INTO lw6.dealer (id_dealer, id_company, name, phone) VALUES (13, 1, 'Достовалов Карп Демьянович', '7(763)742-54-95');
INSERT INTO lw6.dealer (id_dealer, id_company, name, phone) VALUES (14, 1, 'Янишевский Эмиль Владиславович', '7(53)676-38-54');
INSERT INTO lw6.dealer (id_dealer, id_company, name, phone) VALUES (15, 3, 'Парамонов Остап Филиппович', '7(43)554-11-28');
INSERT INTO lw6.dealer (id_dealer, id_company, name, phone) VALUES (16, 2, 'Элефтеров Владилен Куприянович', '7(169)143-76-81');
INSERT INTO lw6.dealer (id_dealer, id_company, name, phone) VALUES (17, 1, 'Пенкин Никанор Дмитриевич', '7(5839)838-27-18');
INSERT INTO lw6.dealer (id_dealer, id_company, name, phone) VALUES (18, 2, 'Чегодаев Платон Платонович', '7(59)778-94-73');
INSERT INTO lw6.dealer (id_dealer, id_company, name, phone) VALUES (19, 2, 'Ярославцев Феофан Евгениевич', '7(163)444-03-79');
INSERT INTO lw6.dealer (id_dealer, id_company, name, phone) VALUES (20, 2, 'Якурин Владислав Эрнстович', '7(62)899-72-56');
INSERT INTO lw6.dealer (id_dealer, id_company, name, phone) VALUES (21, 6, 'Шагидзянов Семен Касьянович', '7(343)815-42-17');
INSERT INTO lw6.dealer (id_dealer, id_company, name, phone) VALUES (22, 2, 'Гребенников Фадей Епифанович', '7(62)662-66-99');
INSERT INTO lw6.dealer (id_dealer, id_company, name, phone) VALUES (23, 4, 'Тарасов Ростислав Никонович', '7(894)192-73-60');
INSERT INTO lw6.dealer (id_dealer, id_company, name, phone) VALUES (24, 8, 'Михайлов Радион Левович', '7(511)427-49-09');
INSERT INTO lw6.dealer (id_dealer, id_company, name, phone) VALUES (25, 3, 'Бабыкин Артем Эмилевич', '7(622)127-01-15');
INSERT INTO lw6.dealer (id_dealer, id_company, name, phone) VALUES (26, 6, 'Пелёвин Степан Ефремович', '7(17)541-09-22');
INSERT INTO lw6.dealer (id_dealer, id_company, name, phone) VALUES (27, 2, 'Цейдлерин Тарас Ипполитович', '7(7461)610-34-35');
INSERT INTO lw6.dealer (id_dealer, id_company, name, phone) VALUES (28, 4, 'Эскин Ярослав Кондратиевич', '7(536)519-79-02');
INSERT INTO lw6.dealer (id_dealer, id_company, name, phone) VALUES (29, 8, 'Куимов Станислав Самуилович', '7(12)441-19-73');
INSERT INTO lw6.dealer (id_dealer, id_company, name, phone) VALUES (30, 6, 'Другаков Тимур Чеславович', '7(444)873-43-60');
INSERT INTO lw6.dealer (id_dealer, id_company, name, phone) VALUES (31, 3, 'Переверзев Онисим Никанорович', '7(12)810-04-13');
INSERT INTO lw6.dealer (id_dealer, id_company, name, phone) VALUES (32, 7, 'Карапетян Андриян Панкратиевич', '7(5886)692-14-68');
INSERT INTO lw6.dealer (id_dealer, id_company, name, phone) VALUES (33, 4, 'Антипин Юлиан Тихонович', '7(428)897-01-79');
INSERT INTO lw6.dealer (id_dealer, id_company, name, phone) VALUES (34, 5, 'Луньков Кир Ермолаевич', '7(707)453-23-00');
INSERT INTO lw6.dealer (id_dealer, id_company, name, phone) VALUES (35, 5, 'Завражнов Агап Якубович', '7(0215)983-27-10');
INSERT INTO lw6.dealer (id_dealer, id_company, name, phone) VALUES (36, 7, 'Киселев Борис Матвеевич', '7(8186)241-02-55');
INSERT INTO lw6.dealer (id_dealer, id_company, name, phone) VALUES (37, 5, 'Дятлов Евсей Гордеевич', '7(7878)719-20-91');
INSERT INTO lw6.dealer (id_dealer, id_company, name, phone) VALUES (38, 5, 'Ишутин Изяслав Яковович', '7(195)643-40-46');
INSERT INTO lw6.dealer (id_dealer, id_company, name, phone) VALUES (39, 7, 'Пелевин Всеслав Святославович', '7(567)138-01-69');
INSERT INTO lw6.dealer (id_dealer, id_company, name, phone) VALUES (40, 3, 'Шевцов Варфоломей Кириллович', '7(8818)320-28-28');
INSERT INTO lw6.dealer (id_dealer, id_company, name, phone) VALUES (41, 5, 'Экель Александра Измаиловна', '7(63)106-67-37');
INSERT INTO lw6.dealer (id_dealer, id_company, name, phone) VALUES (42, 7, 'Комарова Ева Агафоновна', '7(7699)871-79-05');
INSERT INTO lw6.dealer (id_dealer, id_company, name, phone) VALUES (43, 1, 'Шишмарёва Юлия Савелиевна', '7(35)184-34-75');
INSERT INTO lw6.dealer (id_dealer, id_company, name, phone) VALUES (44, 5, 'Рящина Инна Геннадиевна', '7(722)603-47-33');
INSERT INTO lw6.dealer (id_dealer, id_company, name, phone) VALUES (45, 1, 'Нечаева Лиана Макаровна', '7(11)912-44-60');
INSERT INTO lw6.dealer (id_dealer, id_company, name, phone) VALUES (46, 6, 'Мальцева Кристина Тихоновна', '7(7830)169-89-13');
INSERT INTO lw6.dealer (id_dealer, id_company, name, phone) VALUES (47, 5, 'Осминина Мария Вячеславовна', '7(260)930-15-30');
INSERT INTO lw6.dealer (id_dealer, id_company, name, phone) VALUES (48, 2, 'Канаша Василиса Михаиловна', '7(650)509-44-08');
INSERT INTO lw6.dealer (id_dealer, id_company, name, phone) VALUES (49, 2, 'Кая Евдокия Гаврииловна', '7(673)961-23-11');
INSERT INTO lw6.dealer (id_dealer, id_company, name, phone) VALUES (50, 3, 'Григолюка Рената Остаповна', '7(52)165-72-08');
INSERT INTO lw6.dealer (id_dealer, id_company, name, phone) VALUES (51, 8, 'Молодыха Елизавета Владиленовна', '7(695)358-82-62');
INSERT INTO lw6.dealer (id_dealer, id_company, name, phone) VALUES (52, 7, 'Слобожанина Кира Марковна', '7(5907)196-72-08');
INSERT INTO lw6.dealer (id_dealer, id_company, name, phone) VALUES (53, 2, 'Онегина Яна Федотовна', '7(5616)624-12-76');
INSERT INTO lw6.dealer (id_dealer, id_company, name, phone) VALUES (54, 1, 'Великая Пелагея Елизаровна', '7(69)973-87-11');
INSERT INTO lw6.dealer (id_dealer, id_company, name, phone) VALUES (55, 4, 'Торопова Зинаида Кондратьевна', '7(0773)614-22-08');
INSERT INTO lw6.dealer (id_dealer, id_company, name, phone) VALUES (56, 5, 'Шаньгина Вера Евдокимовна', '7(2205)777-65-64');
INSERT INTO lw6.dealer (id_dealer, id_company, name, phone) VALUES (57, 5, 'Артемьева Маргарита Емельяновна', '7(5297)049-33-55');
INSERT INTO lw6.dealer (id_dealer, id_company, name, phone) VALUES (58, 6, 'Зиновьева Мирослава Василиевна', '7(8786)197-70-44');
INSERT INTO lw6.dealer (id_dealer, id_company, name, phone) VALUES (59, 4, 'Яшнова Вероника Владленовна', '7(0934)968-68-81');
INSERT INTO lw6.dealer (id_dealer, id_company, name, phone) VALUES (60, 6, 'Лагранская Ульяна Леонидовна', '7(2437)251-92-39');
INSERT INTO lw6.dealer (id_dealer, id_company, name, phone) VALUES (61, 1, 'Хомколова Дарья Давидовна', '7(1935)350-84-94');
INSERT INTO lw6.dealer (id_dealer, id_company, name, phone) VALUES (62, 7, 'Абрамович Инесса Харитоновна', '7(53)613-15-14');
INSERT INTO lw6.dealer (id_dealer, id_company, name, phone) VALUES (63, 3, 'Локтева Римма Андрияновна', '7(6678)680-61-62');
INSERT INTO lw6.dealer (id_dealer, id_company, name, phone) VALUES (64, 3, 'Смышляева Алла Зиновьевна', '7(233)278-81-95');
INSERT INTO lw6.dealer (id_dealer, id_company, name, phone) VALUES (65, 7, 'Махова Анастасия Карповна', '7(36)405-17-29');
INSERT INTO lw6.dealer (id_dealer, id_company, name, phone) VALUES (66, 2, 'Голодяева Тамара Богдановна', '7(9886)494-62-73');
INSERT INTO lw6.dealer (id_dealer, id_company, name, phone) VALUES (67, 5, 'Гришко Оксана Карловна', '7(513)189-45-68');
INSERT INTO lw6.dealer (id_dealer, id_company, name, phone) VALUES (68, 7, 'Трунина Ника Ильевна', '7(293)904-78-17');
INSERT INTO lw6.dealer (id_dealer, id_company, name, phone) VALUES (69, 8, 'Цыганова Любава Ивановна', '7(020)037-65-13');
INSERT INTO lw6.dealer (id_dealer, id_company, name, phone) VALUES (70, 4, 'Мухаметова Эмма Арсентиевна', '7(920)991-19-46');
INSERT INTO lw6.dealer (id_dealer, id_company, name, phone) VALUES (71, 1, 'Мазурина Екатерина Владиславовна', '7(5173)472-77-57');
INSERT INTO lw6.dealer (id_dealer, id_company, name, phone) VALUES (72, 4, 'Новицкая Ираида Валентиновна', '7(23)362-39-38');
INSERT INTO lw6.dealer (id_dealer, id_company, name, phone) VALUES (73, 4, 'Шибалова Эмилия Капитоновна', '7(2902)719-88-31');
INSERT INTO lw6.dealer (id_dealer, id_company, name, phone) VALUES (74, 3, 'Шульц Ариадна Филимоновна', '7(040)989-11-65');
INSERT INTO lw6.dealer (id_dealer, id_company, name, phone) VALUES (75, 2, 'Шаронова Янина Денисовна', '7(9972)658-78-24');
INSERT INTO lw6.dealer (id_dealer, id_company, name, phone) VALUES (76, 8, 'Токмакова Зоя Тарасовна', '7(1385)259-34-81');
INSERT INTO lw6.dealer (id_dealer, id_company, name, phone) VALUES (77, 2, 'Саблина Полина Ираклиевна', '7(020)005-82-45');
INSERT INTO lw6.dealer (id_dealer, id_company, name, phone) VALUES (78, 5, 'Низовцова Роза Никитевна', '7(2264)660-51-57');
INSERT INTO lw6.dealer (id_dealer, id_company, name, phone) VALUES (79, 6, 'Флёрова Алина Артуровна', '7(4123)645-70-57');
INSERT INTO lw6.dealer (id_dealer, id_company, name, phone) VALUES (80, 8, 'Кулдошина Алиса Рубеновна', '7(400)921-67-83');
INSERT INTO lw6.dealer (id_dealer, id_company, name, phone) VALUES (81, 7, 'Менщикова Валентина Фомевна', '7(886)638-76-19');
INSERT INTO lw6.dealer (id_dealer, id_company, name, phone) VALUES (82, 8, 'Седегова Рада Леонидовна', '7(54)608-25-83');
INSERT INTO lw6.dealer (id_dealer, id_company, name, phone) VALUES (83, 5, 'Мажова Марфа Эдуардовна', '7(866)447-83-64');
INSERT INTO lw6.dealer (id_dealer, id_company, name, phone) VALUES (84, 5, 'Еськина Диана Потаповна', '7(2840)607-25-78');
INSERT INTO lw6.dealer (id_dealer, id_company, name, phone) VALUES (85, 8, 'Зинченко Ирина Ярославовна', '7(511)463-12-85');

INSERT INTO lw6.medicine (id_medicine, name, cure_duration) VALUES (1, 'Анаферон', 11);
INSERT INTO lw6.medicine (id_medicine, name, cure_duration) VALUES (2, 'Арбидол', 7);
INSERT INTO lw6.medicine (id_medicine, name, cure_duration) VALUES (3, 'Баралгетас', 12);
INSERT INTO lw6.medicine (id_medicine, name, cure_duration) VALUES (4, 'Граммидин', 14);
INSERT INTO lw6.medicine (id_medicine, name, cure_duration) VALUES (5, 'Кагоцел', 10);
INSERT INTO lw6.medicine (id_medicine, name, cure_duration) VALUES (6, 'Ремантадин', 5);
INSERT INTO lw6.medicine (id_medicine, name, cure_duration) VALUES (7, 'Ринза', 3);
INSERT INTO lw6.medicine (id_medicine, name, cure_duration) VALUES (8, 'Риниколд', 4);
INSERT INTO lw6.medicine (id_medicine, name, cure_duration) VALUES (9, 'Синупред', 21);
INSERT INTO lw6.medicine (id_medicine, name, cure_duration) VALUES (10, 'Кордеон', 60);
INSERT INTO lw6.medicine (id_medicine, name, cure_duration) VALUES (11, 'Линкас', 7);
INSERT INTO lw6.medicine (id_medicine, name, cure_duration) VALUES (12, 'Овесол', 30);
INSERT INTO lw6.medicine (id_medicine, name, cure_duration) VALUES (13, 'Цитрамон', 3);
INSERT INTO lw6.medicine (id_medicine, name, cure_duration) VALUES (14, 'Парацетамол', 4);
INSERT INTO lw6.medicine (id_medicine, name, cure_duration) VALUES (15, 'Уголь активированный', 5);
INSERT INTO lw6.medicine (id_medicine, name, cure_duration) VALUES (16, 'Гриппферон', 7);
INSERT INTO lw6.medicine (id_medicine, name, cure_duration) VALUES (17, 'Анальгин', 2);
INSERT INTO lw6.medicine (id_medicine, name, cure_duration) VALUES (18, 'Гептрал', 30);
INSERT INTO lw6.medicine (id_medicine, name, cure_duration) VALUES (19, 'Карсил', 28);
INSERT INTO lw6.medicine (id_medicine, name, cure_duration) VALUES (20, 'Визмед мульти', 3);
INSERT INTO lw6.medicine (id_medicine, name, cure_duration) VALUES (21, 'Бифиформ ', 12);

INSERT INTO lw6.pharmacy (id_pharmacy, name, rating) VALUES (1, 'Панатек', 9);
INSERT INTO lw6.pharmacy (id_pharmacy, name, rating) VALUES (2, 'Аптека № 73', 4);
INSERT INTO lw6.pharmacy (id_pharmacy, name, rating) VALUES (3, 'Интерфарм-3', 10);
INSERT INTO lw6.pharmacy (id_pharmacy, name, rating) VALUES (4, 'Аптека Farmani', 7);
INSERT INTO lw6.pharmacy (id_pharmacy, name, rating) VALUES (5, 'Аптека № 1', 8);
INSERT INTO lw6.pharmacy (id_pharmacy, name, rating) VALUES (6, 'Дежурный аптекарь', 7);
INSERT INTO lw6.pharmacy (id_pharmacy, name, rating) VALUES (7, 'Аптека №7', 5);
INSERT INTO lw6.pharmacy (id_pharmacy, name, rating) VALUES (8, 'Аптека №8', 7);
INSERT INTO lw6.pharmacy (id_pharmacy, name, rating) VALUES (9, 'Аптека №9', 2);
INSERT INTO lw6.pharmacy (id_pharmacy, name, rating) VALUES (10, 'Аптека №10', 5);
INSERT INTO lw6.pharmacy (id_pharmacy, name, rating) VALUES (11, 'Аптека №11', 4);
INSERT INTO lw6.pharmacy (id_pharmacy, name, rating) VALUES (12, 'Аптека №12', 6);
INSERT INTO lw6.pharmacy (id_pharmacy, name, rating) VALUES (13, 'Аптека №13', 2);
INSERT INTO lw6.pharmacy (id_pharmacy, name, rating) VALUES (14, 'Аптека №14', 9);
INSERT INTO lw6.pharmacy (id_pharmacy, name, rating) VALUES (15, 'Аптека №15', 9);
INSERT INTO lw6.pharmacy (id_pharmacy, name, rating) VALUES (16, 'Аптека №16', 8);
INSERT INTO lw6.pharmacy (id_pharmacy, name, rating) VALUES (17, 'Аптека №17', 8);
INSERT INTO lw6.pharmacy (id_pharmacy, name, rating) VALUES (18, 'Аптека №18', 6);
INSERT INTO lw6.pharmacy (id_pharmacy, name, rating) VALUES (19, 'Аптека №19', 8);
INSERT INTO lw6.pharmacy (id_pharmacy, name, rating) VALUES (20, 'Аптека №20', 4);
INSERT INTO lw6.pharmacy (id_pharmacy, name, rating) VALUES (21, 'Аптека №21', 1);
INSERT INTO lw6.pharmacy (id_pharmacy, name, rating) VALUES (22, 'Аптека №22', 6);
INSERT INTO lw6.pharmacy (id_pharmacy, name, rating) VALUES (23, 'Аптека №23', 4);
INSERT INTO lw6.pharmacy (id_pharmacy, name, rating) VALUES (24, 'Аптека №24', 9);
INSERT INTO lw6.pharmacy (id_pharmacy, name, rating) VALUES (25, 'Аптека №25', 10);

INSERT INTO lw6.production (id_production, id_company, id_medicine, price, rating) VALUES (1, 1, 1, 11233.00, 5);
INSERT INTO lw6.production (id_production, id_company, id_medicine, price, rating) VALUES (2, 2, 1, 9098.00, 8);
INSERT INTO lw6.production (id_production, id_company, id_medicine, price, rating) VALUES (3, 3, 1, 7074.00, 8);
INSERT INTO lw6.production (id_production, id_company, id_medicine, price, rating) VALUES (4, 4, 1, 9467.00, 3);
INSERT INTO lw6.production (id_production, id_company, id_medicine, price, rating) VALUES (5, 5, 1, 6810.00, 4);
INSERT INTO lw6.production (id_production, id_company, id_medicine, price, rating) VALUES (6, 6, 1, 6200.00, 4);
INSERT INTO lw6.production (id_production, id_company, id_medicine, price, rating) VALUES (7, 7, 1, 1240.00, 6);
INSERT INTO lw6.production (id_production, id_company, id_medicine, price, rating) VALUES (8, 8, 1, 12370.00, 8);
INSERT INTO lw6.production (id_production, id_company, id_medicine, price, rating) VALUES (9, 1, 2, 11383.00, 9);
INSERT INTO lw6.production (id_production, id_company, id_medicine, price, rating) VALUES (10, 2, 2, 2403.00, 6);
INSERT INTO lw6.production (id_production, id_company, id_medicine, price, rating) VALUES (11, 3, 2, 5386.00, 6);
INSERT INTO lw6.production (id_production, id_company, id_medicine, price, rating) VALUES (12, 4, 2, 10920.00, 9);
INSERT INTO lw6.production (id_production, id_company, id_medicine, price, rating) VALUES (13, 5, 2, 4070.00, 4);
INSERT INTO lw6.production (id_production, id_company, id_medicine, price, rating) VALUES (14, 6, 2, 9051.00, 8);
INSERT INTO lw6.production (id_production, id_company, id_medicine, price, rating) VALUES (15, 7, 2, 8627.00, 2);
INSERT INTO lw6.production (id_production, id_company, id_medicine, price, rating) VALUES (16, 8, 2, 6893.00, 10);
INSERT INTO lw6.production (id_production, id_company, id_medicine, price, rating) VALUES (17, 1, 3, 5826.00, 10);
INSERT INTO lw6.production (id_production, id_company, id_medicine, price, rating) VALUES (18, 2, 3, 8483.00, 1);
INSERT INTO lw6.production (id_production, id_company, id_medicine, price, rating) VALUES (19, 3, 3, 9080.00, 7);
INSERT INTO lw6.production (id_production, id_company, id_medicine, price, rating) VALUES (20, 4, 3, 6812.00, 9);
INSERT INTO lw6.production (id_production, id_company, id_medicine, price, rating) VALUES (21, 5, 3, 4435.00, 2);
INSERT INTO lw6.production (id_production, id_company, id_medicine, price, rating) VALUES (22, 6, 3, 2732.00, 6);
INSERT INTO lw6.production (id_production, id_company, id_medicine, price, rating) VALUES (23, 7, 3, 5252.00, 3);
INSERT INTO lw6.production (id_production, id_company, id_medicine, price, rating) VALUES (24, 8, 3, 2644.00, 6);
INSERT INTO lw6.production (id_production, id_company, id_medicine, price, rating) VALUES (25, 1, 4, 8474.00, 4);
INSERT INTO lw6.production (id_production, id_company, id_medicine, price, rating) VALUES (26, 2, 4, 2803.00, 3);
INSERT INTO lw6.production (id_production, id_company, id_medicine, price, rating) VALUES (27, 3, 4, 4379.00, 1);
INSERT INTO lw6.production (id_production, id_company, id_medicine, price, rating) VALUES (28, 4, 4, 7190.00, 9);
INSERT INTO lw6.production (id_production, id_company, id_medicine, price, rating) VALUES (29, 5, 4, 1949.00, 8);
INSERT INTO lw6.production (id_production, id_company, id_medicine, price, rating) VALUES (30, 6, 4, 1149.00, 8);
INSERT INTO lw6.production (id_production, id_company, id_medicine, price, rating) VALUES (31, 7, 4, 4791.00, 10);
INSERT INTO lw6.production (id_production, id_company, id_medicine, price, rating) VALUES (32, 8, 4, 4582.00, 1);
INSERT INTO lw6.production (id_production, id_company, id_medicine, price, rating) VALUES (33, 1, 5, 7070.00, 1);
INSERT INTO lw6.production (id_production, id_company, id_medicine, price, rating) VALUES (34, 2, 5, 7497.00, 5);
INSERT INTO lw6.production (id_production, id_company, id_medicine, price, rating) VALUES (35, 3, 5, 1912.00, 3);
INSERT INTO lw6.production (id_production, id_company, id_medicine, price, rating) VALUES (36, 4, 5, 7839.00, 7);
INSERT INTO lw6.production (id_production, id_company, id_medicine, price, rating) VALUES (37, 5, 5, 3807.00, 10);
INSERT INTO lw6.production (id_production, id_company, id_medicine, price, rating) VALUES (38, 6, 5, 3176.00, 7);
INSERT INTO lw6.production (id_production, id_company, id_medicine, price, rating) VALUES (39, 7, 5, 10663.00, 9);
INSERT INTO lw6.production (id_production, id_company, id_medicine, price, rating) VALUES (40, 8, 5, 11819.00, 4);
INSERT INTO lw6.production (id_production, id_company, id_medicine, price, rating) VALUES (41, 1, 6, 12312.00, 7);
INSERT INTO lw6.production (id_production, id_company, id_medicine, price, rating) VALUES (42, 2, 6, 9178.00, 1);
INSERT INTO lw6.production (id_production, id_company, id_medicine, price, rating) VALUES (43, 3, 6, 11918.00, 7);
INSERT INTO lw6.production (id_production, id_company, id_medicine, price, rating) VALUES (44, 4, 6, 3610.00, 3);
INSERT INTO lw6.production (id_production, id_company, id_medicine, price, rating) VALUES (45, 5, 6, 1110.00, 6);
INSERT INTO lw6.production (id_production, id_company, id_medicine, price, rating) VALUES (46, 6, 6, 12100.00, 3);
INSERT INTO lw6.production (id_production, id_company, id_medicine, price, rating) VALUES (47, 7, 6, 8862.00, 1);
INSERT INTO lw6.production (id_production, id_company, id_medicine, price, rating) VALUES (48, 8, 6, 1544.00, 8);
INSERT INTO lw6.production (id_production, id_company, id_medicine, price, rating) VALUES (49, 1, 7, 2286.00, 8);
INSERT INTO lw6.production (id_production, id_company, id_medicine, price, rating) VALUES (50, 2, 7, 9653.00, 7);
INSERT INTO lw6.production (id_production, id_company, id_medicine, price, rating) VALUES (51, 3, 7, 12299.00, 8);
INSERT INTO lw6.production (id_production, id_company, id_medicine, price, rating) VALUES (52, 4, 7, 8824.00, 9);
INSERT INTO lw6.production (id_production, id_company, id_medicine, price, rating) VALUES (53, 5, 7, 3803.00, 1);
INSERT INTO lw6.production (id_production, id_company, id_medicine, price, rating) VALUES (54, 6, 7, 11170.00, 8);
INSERT INTO lw6.production (id_production, id_company, id_medicine, price, rating) VALUES (55, 7, 7, 12161.00, 1);
INSERT INTO lw6.production (id_production, id_company, id_medicine, price, rating) VALUES (56, 8, 7, 12045.00, 2);
INSERT INTO lw6.production (id_production, id_company, id_medicine, price, rating) VALUES (57, 1, 8, 4265.00, 9);
INSERT INTO lw6.production (id_production, id_company, id_medicine, price, rating) VALUES (58, 2, 8, 1869.00, 4);
INSERT INTO lw6.production (id_production, id_company, id_medicine, price, rating) VALUES (59, 3, 8, 3601.00, 2);
INSERT INTO lw6.production (id_production, id_company, id_medicine, price, rating) VALUES (60, 4, 8, 3689.00, 8);
INSERT INTO lw6.production (id_production, id_company, id_medicine, price, rating) VALUES (61, 5, 8, 7332.00, 9);
INSERT INTO lw6.production (id_production, id_company, id_medicine, price, rating) VALUES (62, 6, 8, 1835.00, 8);
INSERT INTO lw6.production (id_production, id_company, id_medicine, price, rating) VALUES (63, 7, 8, 7437.00, 7);
INSERT INTO lw6.production (id_production, id_company, id_medicine, price, rating) VALUES (64, 8, 8, 8309.00, 4);
INSERT INTO lw6.production (id_production, id_company, id_medicine, price, rating) VALUES (65, 1, 9, 11251.00, 5);
INSERT INTO lw6.production (id_production, id_company, id_medicine, price, rating) VALUES (66, 2, 9, 4304.00, 2);
INSERT INTO lw6.production (id_production, id_company, id_medicine, price, rating) VALUES (67, 3, 9, 5925.00, 6);
INSERT INTO lw6.production (id_production, id_company, id_medicine, price, rating) VALUES (68, 4, 9, 7221.00, 6);
INSERT INTO lw6.production (id_production, id_company, id_medicine, price, rating) VALUES (69, 5, 9, 3182.00, 8);
INSERT INTO lw6.production (id_production, id_company, id_medicine, price, rating) VALUES (70, 6, 9, 7476.00, 7);
INSERT INTO lw6.production (id_production, id_company, id_medicine, price, rating) VALUES (71, 7, 9, 9727.00, 6);
INSERT INTO lw6.production (id_production, id_company, id_medicine, price, rating) VALUES (72, 8, 9, 7352.00, 10);
INSERT INTO lw6.production (id_production, id_company, id_medicine, price, rating) VALUES (73, 1, 10, 11133.00, 9);
INSERT INTO lw6.production (id_production, id_company, id_medicine, price, rating) VALUES (74, 2, 10, 9979.00, 8);
INSERT INTO lw6.production (id_production, id_company, id_medicine, price, rating) VALUES (75, 3, 10, 3009.00, 10);
INSERT INTO lw6.production (id_production, id_company, id_medicine, price, rating) VALUES (76, 4, 10, 6391.00, 9);
INSERT INTO lw6.production (id_production, id_company, id_medicine, price, rating) VALUES (77, 5, 10, 9440.00, 7);
INSERT INTO lw6.production (id_production, id_company, id_medicine, price, rating) VALUES (78, 6, 10, 1086.00, 3);
INSERT INTO lw6.production (id_production, id_company, id_medicine, price, rating) VALUES (79, 7, 10, 7756.00, 4);
INSERT INTO lw6.production (id_production, id_company, id_medicine, price, rating) VALUES (80, 8, 10, 5463.00, 4);
INSERT INTO lw6.production (id_production, id_company, id_medicine, price, rating) VALUES (81, 1, 11, 5331.00, 4);
INSERT INTO lw6.production (id_production, id_company, id_medicine, price, rating) VALUES (82, 2, 11, 10297.00, 7);
INSERT INTO lw6.production (id_production, id_company, id_medicine, price, rating) VALUES (83, 3, 11, 1534.00, 1);
INSERT INTO lw6.production (id_production, id_company, id_medicine, price, rating) VALUES (84, 4, 11, 7192.00, 1);
INSERT INTO lw6.production (id_production, id_company, id_medicine, price, rating) VALUES (85, 5, 11, 7458.00, 2);
INSERT INTO lw6.production (id_production, id_company, id_medicine, price, rating) VALUES (86, 6, 11, 2256.00, 8);
INSERT INTO lw6.production (id_production, id_company, id_medicine, price, rating) VALUES (87, 7, 11, 5703.00, 4);
INSERT INTO lw6.production (id_production, id_company, id_medicine, price, rating) VALUES (88, 8, 11, 10415.00, 3);
INSERT INTO lw6.production (id_production, id_company, id_medicine, price, rating) VALUES (89, 1, 12, 8568.00, 2);
INSERT INTO lw6.production (id_production, id_company, id_medicine, price, rating) VALUES (90, 2, 12, 5661.00, 4);
INSERT INTO lw6.production (id_production, id_company, id_medicine, price, rating) VALUES (91, 3, 12, 7364.00, 10);
INSERT INTO lw6.production (id_production, id_company, id_medicine, price, rating) VALUES (92, 4, 12, 12322.00, 8);
INSERT INTO lw6.production (id_production, id_company, id_medicine, price, rating) VALUES (93, 5, 12, 4156.00, 8);
INSERT INTO lw6.production (id_production, id_company, id_medicine, price, rating) VALUES (94, 6, 12, 9273.00, 3);
INSERT INTO lw6.production (id_production, id_company, id_medicine, price, rating) VALUES (95, 7, 12, 8875.00, 9);
INSERT INTO lw6.production (id_production, id_company, id_medicine, price, rating) VALUES (96, 8, 12, 10564.00, 6);
INSERT INTO lw6.production (id_production, id_company, id_medicine, price, rating) VALUES (97, 1, 13, 10492.00, 7);
INSERT INTO lw6.production (id_production, id_company, id_medicine, price, rating) VALUES (98, 2, 13, 3955.00, 7);
INSERT INTO lw6.production (id_production, id_company, id_medicine, price, rating) VALUES (99, 3, 13, 10109.00, 10);
INSERT INTO lw6.production (id_production, id_company, id_medicine, price, rating) VALUES (100, 4, 13, 11207.00, 4);
INSERT INTO lw6.production (id_production, id_company, id_medicine, price, rating) VALUES (101, 5, 13, 11165.00, 8);
INSERT INTO lw6.production (id_production, id_company, id_medicine, price, rating) VALUES (102, 6, 13, 6197.00, 4);
INSERT INTO lw6.production (id_production, id_company, id_medicine, price, rating) VALUES (103, 7, 13, 12355.00, 2);
INSERT INTO lw6.production (id_production, id_company, id_medicine, price, rating) VALUES (104, 8, 13, 1598.00, 1);
INSERT INTO lw6.production (id_production, id_company, id_medicine, price, rating) VALUES (105, 1, 14, 10783.00, 9);
INSERT INTO lw6.production (id_production, id_company, id_medicine, price, rating) VALUES (106, 2, 14, 8293.00, 6);
INSERT INTO lw6.production (id_production, id_company, id_medicine, price, rating) VALUES (107, 3, 14, 5784.00, 2);
INSERT INTO lw6.production (id_production, id_company, id_medicine, price, rating) VALUES (108, 4, 14, 6760.00, 6);
INSERT INTO lw6.production (id_production, id_company, id_medicine, price, rating) VALUES (109, 5, 14, 6685.00, 10);
INSERT INTO lw6.production (id_production, id_company, id_medicine, price, rating) VALUES (110, 6, 14, 7454.00, 7);
INSERT INTO lw6.production (id_production, id_company, id_medicine, price, rating) VALUES (111, 7, 14, 1728.00, 5);
INSERT INTO lw6.production (id_production, id_company, id_medicine, price, rating) VALUES (112, 8, 14, 5888.00, 2);
INSERT INTO lw6.production (id_production, id_company, id_medicine, price, rating) VALUES (113, 1, 15, 11499.00, 3);
INSERT INTO lw6.production (id_production, id_company, id_medicine, price, rating) VALUES (114, 2, 15, 6962.00, 9);
INSERT INTO lw6.production (id_production, id_company, id_medicine, price, rating) VALUES (115, 3, 15, 8120.00, 8);
INSERT INTO lw6.production (id_production, id_company, id_medicine, price, rating) VALUES (116, 4, 15, 8315.00, 5);
INSERT INTO lw6.production (id_production, id_company, id_medicine, price, rating) VALUES (117, 5, 15, 4660.00, 2);
INSERT INTO lw6.production (id_production, id_company, id_medicine, price, rating) VALUES (118, 6, 15, 5149.00, 6);
INSERT INTO lw6.production (id_production, id_company, id_medicine, price, rating) VALUES (119, 7, 15, 2927.00, 4);
INSERT INTO lw6.production (id_production, id_company, id_medicine, price, rating) VALUES (120, 8, 15, 4639.00, 8);
INSERT INTO lw6.production (id_production, id_company, id_medicine, price, rating) VALUES (121, 1, 16, 3515.00, 6);
INSERT INTO lw6.production (id_production, id_company, id_medicine, price, rating) VALUES (122, 2, 16, 1781.00, 10);
INSERT INTO lw6.production (id_production, id_company, id_medicine, price, rating) VALUES (123, 3, 16, 12453.00, 1);
INSERT INTO lw6.production (id_production, id_company, id_medicine, price, rating) VALUES (124, 4, 16, 5898.00, 8);
INSERT INTO lw6.production (id_production, id_company, id_medicine, price, rating) VALUES (125, 5, 16, 6104.00, 6);
INSERT INTO lw6.production (id_production, id_company, id_medicine, price, rating) VALUES (126, 6, 16, 1976.00, 6);
INSERT INTO lw6.production (id_production, id_company, id_medicine, price, rating) VALUES (127, 7, 16, 7567.00, 3);
INSERT INTO lw6.production (id_production, id_company, id_medicine, price, rating) VALUES (128, 8, 16, 10797.00, 2);
INSERT INTO lw6.production (id_production, id_company, id_medicine, price, rating) VALUES (129, 1, 17, 6460.00, 1);
INSERT INTO lw6.production (id_production, id_company, id_medicine, price, rating) VALUES (130, 2, 17, 7460.00, 3);
INSERT INTO lw6.production (id_production, id_company, id_medicine, price, rating) VALUES (131, 3, 17, 10534.00, 2);
INSERT INTO lw6.production (id_production, id_company, id_medicine, price, rating) VALUES (132, 4, 17, 3860.00, 4);
INSERT INTO lw6.production (id_production, id_company, id_medicine, price, rating) VALUES (133, 5, 17, 8558.00, 4);
INSERT INTO lw6.production (id_production, id_company, id_medicine, price, rating) VALUES (134, 6, 17, 4348.00, 4);
INSERT INTO lw6.production (id_production, id_company, id_medicine, price, rating) VALUES (135, 7, 17, 3842.00, 10);
INSERT INTO lw6.production (id_production, id_company, id_medicine, price, rating) VALUES (136, 8, 17, 4973.00, 4);
INSERT INTO lw6.production (id_production, id_company, id_medicine, price, rating) VALUES (137, 1, 18, 6551.00, 8);
INSERT INTO lw6.production (id_production, id_company, id_medicine, price, rating) VALUES (138, 2, 18, 6168.00, 9);
INSERT INTO lw6.production (id_production, id_company, id_medicine, price, rating) VALUES (139, 3, 18, 3631.00, 10);
INSERT INTO lw6.production (id_production, id_company, id_medicine, price, rating) VALUES (140, 4, 18, 4277.00, 9);
INSERT INTO lw6.production (id_production, id_company, id_medicine, price, rating) VALUES (141, 5, 18, 4227.00, 5);
INSERT INTO lw6.production (id_production, id_company, id_medicine, price, rating) VALUES (142, 6, 18, 2682.00, 8);
INSERT INTO lw6.production (id_production, id_company, id_medicine, price, rating) VALUES (143, 7, 18, 7564.00, 10);
INSERT INTO lw6.production (id_production, id_company, id_medicine, price, rating) VALUES (144, 8, 18, 1608.00, 7);
INSERT INTO lw6.production (id_production, id_company, id_medicine, price, rating) VALUES (145, 1, 19, 7097.00, 7);
INSERT INTO lw6.production (id_production, id_company, id_medicine, price, rating) VALUES (146, 2, 19, 9788.00, 4);
INSERT INTO lw6.production (id_production, id_company, id_medicine, price, rating) VALUES (147, 3, 19, 8039.00, 8);
INSERT INTO lw6.production (id_production, id_company, id_medicine, price, rating) VALUES (148, 4, 19, 9611.00, 3);
INSERT INTO lw6.production (id_production, id_company, id_medicine, price, rating) VALUES (149, 5, 19, 11363.00, 8);
INSERT INTO lw6.production (id_production, id_company, id_medicine, price, rating) VALUES (150, 6, 19, 9581.00, 4);
INSERT INTO lw6.production (id_production, id_company, id_medicine, price, rating) VALUES (151, 7, 19, 3224.00, 2);
INSERT INTO lw6.production (id_production, id_company, id_medicine, price, rating) VALUES (152, 8, 19, 9277.00, 6);
INSERT INTO lw6.production (id_production, id_company, id_medicine, price, rating) VALUES (153, 1, 20, 10665.00, 9);
INSERT INTO lw6.production (id_production, id_company, id_medicine, price, rating) VALUES (154, 2, 20, 1051.00, 1);
INSERT INTO lw6.production (id_production, id_company, id_medicine, price, rating) VALUES (155, 3, 20, 2876.00, 5);
INSERT INTO lw6.production (id_production, id_company, id_medicine, price, rating) VALUES (156, 4, 20, 11109.00, 9);
INSERT INTO lw6.production (id_production, id_company, id_medicine, price, rating) VALUES (157, 5, 20, 3795.00, 8);
INSERT INTO lw6.production (id_production, id_company, id_medicine, price, rating) VALUES (158, 6, 20, 2267.00, 8);
INSERT INTO lw6.production (id_production, id_company, id_medicine, price, rating) VALUES (159, 7, 20, 1134.00, 4);
INSERT INTO lw6.production (id_production, id_company, id_medicine, price, rating) VALUES (160, 8, 20, 8173.00, 1);
INSERT INTO lw6.production (id_production, id_company, id_medicine, price, rating) VALUES (161, 1, 21, 3558.00, 2);
INSERT INTO lw6.production (id_production, id_company, id_medicine, price, rating) VALUES (162, 2, 21, 2059.00, 6);
INSERT INTO lw6.production (id_production, id_company, id_medicine, price, rating) VALUES (163, 3, 21, 3138.00, 9);
INSERT INTO lw6.production (id_production, id_company, id_medicine, price, rating) VALUES (164, 4, 21, 2137.00, 6);
INSERT INTO lw6.production (id_production, id_company, id_medicine, price, rating) VALUES (165, 5, 21, 5654.00, 8);
INSERT INTO lw6.production (id_production, id_company, id_medicine, price, rating) VALUES (166, 6, 21, 7262.00, 3);
INSERT INTO lw6.production (id_production, id_company, id_medicine, price, rating) VALUES (167, 7, 21, 2003.00, 4);
INSERT INTO lw6.production (id_production, id_company, id_medicine, price, rating) VALUES (168, 8, 21, 6049.00, 4);

INSERT INTO lw6.`order` (id_order, id_production, id_dealer, id_pharmacy, date, quantity) VALUES (1, 10, 77, 16, '2019-10-31', 496);
INSERT INTO lw6.`order` (id_order, id_production, id_dealer, id_pharmacy, date, quantity) VALUES (2, 132, 11, 11, '2019-04-13', 66);
INSERT INTO lw6.`order` (id_order, id_production, id_dealer, id_pharmacy, date, quantity) VALUES (3, 6, 79, 10, '2019-02-21', 746);
INSERT INTO lw6.`order` (id_order, id_production, id_dealer, id_pharmacy, date, quantity) VALUES (4, 119, 3, 10, '2019-03-31', 245);
INSERT INTO lw6.`order` (id_order, id_production, id_dealer, id_pharmacy, date, quantity) VALUES (5, 105, 14, 11, '2019-02-24', 756);
INSERT INTO lw6.`order` (id_order, id_production, id_dealer, id_pharmacy, date, quantity) VALUES (6, 109, 41, 1, '2019-05-29', 730);
INSERT INTO lw6.`order` (id_order, id_production, id_dealer, id_pharmacy, date, quantity) VALUES (7, 29, 41, 15, '2019-03-15', 85);
INSERT INTO lw6.`order` (id_order, id_production, id_dealer, id_pharmacy, date, quantity) VALUES (8, 126, 79, 3, '2019-03-30', 881);
INSERT INTO lw6.`order` (id_order, id_production, id_dealer, id_pharmacy, date, quantity) VALUES (9, 166, 79, 20, '2019-11-18', 629);
INSERT INTO lw6.`order` (id_order, id_production, id_dealer, id_pharmacy, date, quantity) VALUES (10, 47, 3, 9, '2019-12-26', 509);
INSERT INTO lw6.`order` (id_order, id_production, id_dealer, id_pharmacy, date, quantity) VALUES (11, 97, 14, 10, '2019-05-07', 114);
INSERT INTO lw6.`order` (id_order, id_production, id_dealer, id_pharmacy, date, quantity) VALUES (12, 124, 11, 1, '2019-08-10', 552);
INSERT INTO lw6.`order` (id_order, id_production, id_dealer, id_pharmacy, date, quantity) VALUES (13, 120, 51, 17, '2019-10-31', 561);
INSERT INTO lw6.`order` (id_order, id_production, id_dealer, id_pharmacy, date, quantity) VALUES (14, 83, 15, 19, '2019-11-16', 724);
INSERT INTO lw6.`order` (id_order, id_production, id_dealer, id_pharmacy, date, quantity) VALUES (15, 156, 11, 22, '2019-08-18', 134);
INSERT INTO lw6.`order` (id_order, id_production, id_dealer, id_pharmacy, date, quantity) VALUES (16, 17, 14, 17, '2019-11-26', 238);
INSERT INTO lw6.`order` (id_order, id_production, id_dealer, id_pharmacy, date, quantity) VALUES (17, 132, 11, 23, '2019-07-17', 53);
INSERT INTO lw6.`order` (id_order, id_production, id_dealer, id_pharmacy, date, quantity) VALUES (18, 164, 11, 11, '2019-06-13', 974);
INSERT INTO lw6.`order` (id_order, id_production, id_dealer, id_pharmacy, date, quantity) VALUES (19, 49, 14, 8, '2019-10-07', 393);
INSERT INTO lw6.`order` (id_order, id_production, id_dealer, id_pharmacy, date, quantity) VALUES (20, 117, 41, 11, '2019-05-21', 541);
INSERT INTO lw6.`order` (id_order, id_production, id_dealer, id_pharmacy, date, quantity) VALUES (21, 138, 77, 20, '2019-06-16', 513);
INSERT INTO lw6.`order` (id_order, id_production, id_dealer, id_pharmacy, date, quantity) VALUES (22, 86, 79, 18, '2019-07-15', 856);
INSERT INTO lw6.`order` (id_order, id_production, id_dealer, id_pharmacy, date, quantity) VALUES (23, 69, 41, 17, '2019-02-18', 393);
INSERT INTO lw6.`order` (id_order, id_production, id_dealer, id_pharmacy, date, quantity) VALUES (24, 35, 15, 7, '2019-05-21', 408);
INSERT INTO lw6.`order` (id_order, id_production, id_dealer, id_pharmacy, date, quantity) VALUES (25, 21, 44, 7, '2019-02-28', 920);
INSERT INTO lw6.`order` (id_order, id_production, id_dealer, id_pharmacy, date, quantity) VALUES (26, 10, 48, 19, '2019-07-15', 514);
INSERT INTO lw6.`order` (id_order, id_production, id_dealer, id_pharmacy, date, quantity) VALUES (27, 56, 51, 7, '2019-07-23', 707);
INSERT INTO lw6.`order` (id_order, id_production, id_dealer, id_pharmacy, date, quantity) VALUES (28, 18, 48, 22, '2019-03-16', 903);
INSERT INTO lw6.`order` (id_order, id_production, id_dealer, id_pharmacy, date, quantity) VALUES (29, 44, 11, 10, '2019-06-19', 469);
INSERT INTO lw6.`order` (id_order, id_production, id_dealer, id_pharmacy, date, quantity) VALUES (30, 160, 51, 7, '2019-08-13', 762);
INSERT INTO lw6.`order` (id_order, id_production, id_dealer, id_pharmacy, date, quantity) VALUES (31, 56, 51, 22, '2019-07-19', 248);
INSERT INTO lw6.`order` (id_order, id_production, id_dealer, id_pharmacy, date, quantity) VALUES (32, 17, 13, 15, '2019-06-01', 90);
INSERT INTO lw6.`order` (id_order, id_production, id_dealer, id_pharmacy, date, quantity) VALUES (33, 103, 3, 2, '2019-02-13', 258);
INSERT INTO lw6.`order` (id_order, id_production, id_dealer, id_pharmacy, date, quantity) VALUES (34, 72, 1, 23, '2019-09-17', 445);
INSERT INTO lw6.`order` (id_order, id_production, id_dealer, id_pharmacy, date, quantity) VALUES (35, 6, 79, 18, '2019-05-02', 172);
INSERT INTO lw6.`order` (id_order, id_production, id_dealer, id_pharmacy, date, quantity) VALUES (36, 70, 79, 11, '2019-01-27', 961);
INSERT INTO lw6.`order` (id_order, id_production, id_dealer, id_pharmacy, date, quantity) VALUES (37, 52, 11, 20, '2019-11-22', 222);
INSERT INTO lw6.`order` (id_order, id_production, id_dealer, id_pharmacy, date, quantity) VALUES (38, 73, 14, 16, '2019-11-09', 455);
INSERT INTO lw6.`order` (id_order, id_production, id_dealer, id_pharmacy, date, quantity) VALUES (39, 134, 79, 1, '2019-08-03', 567);
INSERT INTO lw6.`order` (id_order, id_production, id_dealer, id_pharmacy, date, quantity) VALUES (40, 15, 3, 20, '2019-05-17', 79);
INSERT INTO lw6.`order` (id_order, id_production, id_dealer, id_pharmacy, date, quantity) VALUES (41, 23, 39, 6, '2019-12-19', 50);
INSERT INTO lw6.`order` (id_order, id_production, id_dealer, id_pharmacy, date, quantity) VALUES (42, 86, 79, 20, '2019-12-27', 705);
INSERT INTO lw6.`order` (id_order, id_production, id_dealer, id_pharmacy, date, quantity) VALUES (43, 163, 15, 2, '2019-05-20', 623);
INSERT INTO lw6.`order` (id_order, id_production, id_dealer, id_pharmacy, date, quantity) VALUES (44, 134, 79, 16, '2019-12-10', 833);
INSERT INTO lw6.`order` (id_order, id_production, id_dealer, id_pharmacy, date, quantity) VALUES (45, 85, 41, 3, '2019-05-19', 766);
INSERT INTO lw6.`order` (id_order, id_production, id_dealer, id_pharmacy, date, quantity) VALUES (46, 16, 51, 12, '2019-06-04', 676);
INSERT INTO lw6.`order` (id_order, id_production, id_dealer, id_pharmacy, date, quantity) VALUES (47, 4, 11, 24, '2019-07-05', 951);
INSERT INTO lw6.`order` (id_order, id_production, id_dealer, id_pharmacy, date, quantity) VALUES (48, 92, 11, 18, '2019-11-02', 212);
INSERT INTO lw6.`order` (id_order, id_production, id_dealer, id_pharmacy, date, quantity) VALUES (49, 147, 15, 2, '2019-01-24', 669);
INSERT INTO lw6.`order` (id_order, id_production, id_dealer, id_pharmacy, date, quantity) VALUES (50, 118, 79, 6, '2019-07-29', 122);
INSERT INTO lw6.`order` (id_order, id_production, id_dealer, id_pharmacy, date, quantity) VALUES (51, 116, 11, 8, '2019-09-11', 344);
INSERT INTO lw6.`order` (id_order, id_production, id_dealer, id_pharmacy, date, quantity) VALUES (52, 73, 14, 22, '2019-05-07', 126);
INSERT INTO lw6.`order` (id_order, id_production, id_dealer, id_pharmacy, date, quantity) VALUES (53, 132, 11, 14, '2019-08-17', 492);
INSERT INTO lw6.`order` (id_order, id_production, id_dealer, id_pharmacy, date, quantity) VALUES (54, 158, 79, 18, '2019-03-26', 137);
INSERT INTO lw6.`order` (id_order, id_production, id_dealer, id_pharmacy, date, quantity) VALUES (55, 49, 14, 13, '2019-05-06', 228);
INSERT INTO lw6.`order` (id_order, id_production, id_dealer, id_pharmacy, date, quantity) VALUES (56, 77, 41, 20, '2019-11-11', 112);
INSERT INTO lw6.`order` (id_order, id_production, id_dealer, id_pharmacy, date, quantity) VALUES (57, 95, 3, 21, '2019-06-24', 967);
INSERT INTO lw6.`order` (id_order, id_production, id_dealer, id_pharmacy, date, quantity) VALUES (58, 114, 77, 5, '2019-04-25', 809);
INSERT INTO lw6.`order` (id_order, id_production, id_dealer, id_pharmacy, date, quantity) VALUES (59, 128, 51, 17, '2019-01-08', 75);
INSERT INTO lw6.`order` (id_order, id_production, id_dealer, id_pharmacy, date, quantity) VALUES (60, 76, 11, 19, '2019-10-29', 991);
INSERT INTO lw6.`order` (id_order, id_production, id_dealer, id_pharmacy, date, quantity) VALUES (61, 17, 14, 8, '2019-05-04', 123);
INSERT INTO lw6.`order` (id_order, id_production, id_dealer, id_pharmacy, date, quantity) VALUES (62, 127, 3, 17, '2019-11-12', 413);
INSERT INTO lw6.`order` (id_order, id_production, id_dealer, id_pharmacy, date, quantity) VALUES (63, 70, 79, 19, '2019-12-17', 465);
INSERT INTO lw6.`order` (id_order, id_production, id_dealer, id_pharmacy, date, quantity) VALUES (64, 151, 3, 16, '2019-12-16', 371);
INSERT INTO lw6.`order` (id_order, id_production, id_dealer, id_pharmacy, date, quantity) VALUES (65, 58, 77, 15, '2019-12-18', 67);
INSERT INTO lw6.`order` (id_order, id_production, id_dealer, id_pharmacy, date, quantity) VALUES (66, 165, 41, 2, '2019-11-16', 152);
INSERT INTO lw6.`order` (id_order, id_production, id_dealer, id_pharmacy, date, quantity) VALUES (67, 87, 3, 16, '2019-03-26', 267);
INSERT INTO lw6.`order` (id_order, id_production, id_dealer, id_pharmacy, date, quantity) VALUES (68, 163, 15, 15, '2019-03-07', 8);
INSERT INTO lw6.`order` (id_order, id_production, id_dealer, id_pharmacy, date, quantity) VALUES (69, 2, 77, 17, '2019-07-23', 262);
INSERT INTO lw6.`order` (id_order, id_production, id_dealer, id_pharmacy, date, quantity) VALUES (70, 130, 18, 19, '2019-08-18', 255);
INSERT INTO lw6.`order` (id_order, id_production, id_dealer, id_pharmacy, date, quantity) VALUES (71, 7, 3, 3, '2019-08-10', 654);
INSERT INTO lw6.`order` (id_order, id_production, id_dealer, id_pharmacy, date, quantity) VALUES (72, 37, 41, 3, '2019-10-21', 276);
INSERT INTO lw6.`order` (id_order, id_production, id_dealer, id_pharmacy, date, quantity) VALUES (73, 127, 3, 12, '2019-06-19', 714);
INSERT INTO lw6.`order` (id_order, id_production, id_dealer, id_pharmacy, date, quantity) VALUES (74, 70, 79, 17, '2019-07-22', 787);
INSERT INTO lw6.`order` (id_order, id_production, id_dealer, id_pharmacy, date, quantity) VALUES (75, 46, 79, 1, '2019-05-06', 162);
INSERT INTO lw6.`order` (id_order, id_production, id_dealer, id_pharmacy, date, quantity) VALUES (76, 146, 77, 22, '2019-02-03', 893);
INSERT INTO lw6.`order` (id_order, id_production, id_dealer, id_pharmacy, date, quantity) VALUES (77, 97, 14, 18, '2019-02-22', 551);
INSERT INTO lw6.`order` (id_order, id_production, id_dealer, id_pharmacy, date, quantity) VALUES (78, 158, 79, 4, '2019-07-07', 969);
INSERT INTO lw6.`order` (id_order, id_production, id_dealer, id_pharmacy, date, quantity) VALUES (79, 60, 11, 7, '2019-07-13', 413);
INSERT INTO lw6.`order` (id_order, id_production, id_dealer, id_pharmacy, date, quantity) VALUES (80, 147, 15, 2, '2019-02-12', 368);
INSERT INTO lw6.`order` (id_order, id_production, id_dealer, id_pharmacy, date, quantity) VALUES (81, 158, 21, 2, '2019-08-17', 669);
INSERT INTO lw6.`order` (id_order, id_production, id_dealer, id_pharmacy, date, quantity) VALUES (82, 162, 9, 17, '2019-02-15', 882);
INSERT INTO lw6.`order` (id_order, id_production, id_dealer, id_pharmacy, date, quantity) VALUES (83, 114, 53, 24, '2019-12-06', 523);
INSERT INTO lw6.`order` (id_order, id_production, id_dealer, id_pharmacy, date, quantity) VALUES (84, 71, 52, 6, '2019-07-30', 715);
INSERT INTO lw6.`order` (id_order, id_production, id_dealer, id_pharmacy, date, quantity) VALUES (85, 164, 33, 3, '2019-12-02', 693);
INSERT INTO lw6.`order` (id_order, id_production, id_dealer, id_pharmacy, date, quantity) VALUES (86, 105, 14, 23, '2019-07-29', 511);
INSERT INTO lw6.`order` (id_order, id_production, id_dealer, id_pharmacy, date, quantity) VALUES (87, 95, 3, 23, '2019-10-04', 402);
INSERT INTO lw6.`order` (id_order, id_production, id_dealer, id_pharmacy, date, quantity) VALUES (88, 29, 41, 3, '2019-10-31', 475);
INSERT INTO lw6.`order` (id_order, id_production, id_dealer, id_pharmacy, date, quantity) VALUES (89, 33, 14, 2, '2019-12-17', 658);
INSERT INTO lw6.`order` (id_order, id_production, id_dealer, id_pharmacy, date, quantity) VALUES (90, 56, 51, 8, '2019-02-17', 727);
INSERT INTO lw6.`order` (id_order, id_production, id_dealer, id_pharmacy, date, quantity) VALUES (91, 142, 79, 3, '2019-06-18', 143);
INSERT INTO lw6.`order` (id_order, id_production, id_dealer, id_pharmacy, date, quantity) VALUES (92, 105, 14, 10, '2019-10-19', 126);
INSERT INTO lw6.`order` (id_order, id_production, id_dealer, id_pharmacy, date, quantity) VALUES (93, 131, 15, 21, '2019-11-06', 875);
INSERT INTO lw6.`order` (id_order, id_production, id_dealer, id_pharmacy, date, quantity) VALUES (94, 56, 51, 14, '2019-12-09', 891);
INSERT INTO lw6.`order` (id_order, id_production, id_dealer, id_pharmacy, date, quantity) VALUES (95, 9, 14, 17, '2019-02-17', 31);
INSERT INTO lw6.`order` (id_order, id_production, id_dealer, id_pharmacy, date, quantity) VALUES (96, 30, 79, 21, '2019-01-01', 385);
INSERT INTO lw6.`order` (id_order, id_production, id_dealer, id_pharmacy, date, quantity) VALUES (97, 57, 14, 2, '2019-05-03', 380);
INSERT INTO lw6.`order` (id_order, id_production, id_dealer, id_pharmacy, date, quantity) VALUES (98, 117, 84, 2, '2019-04-29', 114);
INSERT INTO lw6.`order` (id_order, id_production, id_dealer, id_pharmacy, date, quantity) VALUES (99, 102, 79, 25, '2019-02-04', 705);
INSERT INTO lw6.`order` (id_order, id_production, id_dealer, id_pharmacy, date, quantity) VALUES (100, 12, 11, 21, '2019-12-25', 359);
INSERT INTO lw6.`order` (id_order, id_production, id_dealer, id_pharmacy, date, quantity) VALUES (101, 34, 77, 13, '2019-04-04', 746);
INSERT INTO lw6.`order` (id_order, id_production, id_dealer, id_pharmacy, date, quantity) VALUES (102, 36, 11, 1, '2019-04-28', 994);
INSERT INTO lw6.`order` (id_order, id_production, id_dealer, id_pharmacy, date, quantity) VALUES (103, 64, 51, 12, '2019-08-04', 634);
INSERT INTO lw6.`order` (id_order, id_production, id_dealer, id_pharmacy, date, quantity) VALUES (104, 93, 41, 12, '2019-04-12', 52);
INSERT INTO lw6.`order` (id_order, id_production, id_dealer, id_pharmacy, date, quantity) VALUES (105, 107, 15, 9, '2019-07-30', 246);
INSERT INTO lw6.`order` (id_order, id_production, id_dealer, id_pharmacy, date, quantity) VALUES (106, 47, 3, 1, '2019-05-08', 346);
INSERT INTO lw6.`order` (id_order, id_production, id_dealer, id_pharmacy, date, quantity) VALUES (107, 141, 41, 19, '2019-02-27', 453);
INSERT INTO lw6.`order` (id_order, id_production, id_dealer, id_pharmacy, date, quantity) VALUES (108, 124, 23, 21, '2019-01-27', 153);
INSERT INTO lw6.`order` (id_order, id_production, id_dealer, id_pharmacy, date, quantity) VALUES (109, 6, 79, 24, '2019-08-07', 23);
INSERT INTO lw6.`order` (id_order, id_production, id_dealer, id_pharmacy, date, quantity) VALUES (110, 80, 51, 17, '2019-01-08', 445);
INSERT INTO lw6.`order` (id_order, id_production, id_dealer, id_pharmacy, date, quantity) VALUES (111, 119, 3, 7, '2019-02-27', 487);
INSERT INTO lw6.`order` (id_order, id_production, id_dealer, id_pharmacy, date, quantity) VALUES (112, 47, 3, 13, '2019-01-23', 80);
INSERT INTO lw6.`order` (id_order, id_production, id_dealer, id_pharmacy, date, quantity) VALUES (113, 52, 11, 21, '2019-04-21', 368);
INSERT INTO lw6.`order` (id_order, id_production, id_dealer, id_pharmacy, date, quantity) VALUES (114, 97, 14, 9, '2019-01-24', 209);
INSERT INTO lw6.`order` (id_order, id_production, id_dealer, id_pharmacy, date, quantity) VALUES (115, 149, 41, 21, '2019-01-07', 953);
INSERT INTO lw6.`order` (id_order, id_production, id_dealer, id_pharmacy, date, quantity) VALUES (116, 49, 14, 23, '2019-09-01', 496);
INSERT INTO lw6.`order` (id_order, id_production, id_dealer, id_pharmacy, date, quantity) VALUES (117, 47, 3, 17, '2019-09-02', 642);
INSERT INTO lw6.`order` (id_order, id_production, id_dealer, id_pharmacy, date, quantity) VALUES (118, 160, 51, 16, '2019-01-06', 708);
INSERT INTO lw6.`order` (id_order, id_production, id_dealer, id_pharmacy, date, quantity) VALUES (119, 99, 10, 19, '2019-09-17', 7);
INSERT INTO lw6.`order` (id_order, id_production, id_dealer, id_pharmacy, date, quantity) VALUES (120, 160, 51, 8, '2019-10-18', 619);
INSERT INTO lw6.`order` (id_order, id_production, id_dealer, id_pharmacy, date, quantity) VALUES (121, 64, 51, 3, '2019-01-31', 394);
INSERT INTO lw6.`order` (id_order, id_production, id_dealer, id_pharmacy, date, quantity) VALUES (122, 41, 14, 15, '2019-11-11', 868);
INSERT INTO lw6.`order` (id_order, id_production, id_dealer, id_pharmacy, date, quantity) VALUES (123, 70, 79, 21, '2019-11-19', 92);
INSERT INTO lw6.`order` (id_order, id_production, id_dealer, id_pharmacy, date, quantity) VALUES (124, 109, 41, 24, '2019-05-19', 122);
INSERT INTO lw6.`order` (id_order, id_production, id_dealer, id_pharmacy, date, quantity) VALUES (125, 6, 79, 7, '2019-03-03', 422);
INSERT INTO lw6.`order` (id_order, id_production, id_dealer, id_pharmacy, date, quantity) VALUES (126, 87, 3, 21, '2019-11-20', 841);
INSERT INTO lw6.`order` (id_order, id_production, id_dealer, id_pharmacy, date, quantity) VALUES (127, 156, 11, 14, '2019-10-18', 150);
INSERT INTO lw6.`order` (id_order, id_production, id_dealer, id_pharmacy, date, quantity) VALUES (128, 104, 51, 22, '2019-07-27', 806);
INSERT INTO lw6.`order` (id_order, id_production, id_dealer, id_pharmacy, date, quantity) VALUES (129, 142, 79, 2, '2019-03-21', 383);
INSERT INTO lw6.`order` (id_order, id_production, id_dealer, id_pharmacy, date, quantity) VALUES (130, 124, 11, 7, '2019-02-22', 549);
INSERT INTO lw6.`order` (id_order, id_production, id_dealer, id_pharmacy, date, quantity) VALUES (131, 45, 41, 10, '2019-10-10', 993);
INSERT INTO lw6.`order` (id_order, id_production, id_dealer, id_pharmacy, date, quantity) VALUES (132, 2, 77, 25, '2019-08-01', 695);
INSERT INTO lw6.`order` (id_order, id_production, id_dealer, id_pharmacy, date, quantity) VALUES (133, 102, 79, 9, '2019-07-20', 335);
INSERT INTO lw6.`order` (id_order, id_production, id_dealer, id_pharmacy, date, quantity) VALUES (134, 58, 16, 21, '2019-04-06', 566);
INSERT INTO lw6.`order` (id_order, id_production, id_dealer, id_pharmacy, date, quantity) VALUES (135, 49, 14, 10, '2019-01-12', 269);
INSERT INTO lw6.`order` (id_order, id_production, id_dealer, id_pharmacy, date, quantity) VALUES (136, 19, 15, 13, '2019-09-26', 489);
INSERT INTO lw6.`order` (id_order, id_production, id_dealer, id_pharmacy, date, quantity) VALUES (137, 51, 15, 21, '2019-10-23', 309);
INSERT INTO lw6.`order` (id_order, id_production, id_dealer, id_pharmacy, date, quantity) VALUES (138, 76, 11, 5, '2019-11-14', 747);
INSERT INTO lw6.`order` (id_order, id_production, id_dealer, id_pharmacy, date, quantity) VALUES (139, 116, 11, 11, '2019-07-31', 960);
INSERT INTO lw6.`order` (id_order, id_production, id_dealer, id_pharmacy, date, quantity) VALUES (140, 46, 79, 10, '2019-06-25', 438);
INSERT INTO lw6.`order` (id_order, id_production, id_dealer, id_pharmacy, date, quantity) VALUES (141, 7, 3, 24, '2019-09-17', 615);
INSERT INTO lw6.`order` (id_order, id_production, id_dealer, id_pharmacy, date, quantity) VALUES (142, 10, 77, 5, '2019-06-14', 305);
INSERT INTO lw6.`order` (id_order, id_production, id_dealer, id_pharmacy, date, quantity) VALUES (143, 49, 14, 1, '2019-09-22', 478);
INSERT INTO lw6.`order` (id_order, id_production, id_dealer, id_pharmacy, date, quantity) VALUES (144, 44, 11, 6, '2019-06-05', 957);
INSERT INTO lw6.`order` (id_order, id_production, id_dealer, id_pharmacy, date, quantity) VALUES (145, 120, 51, 4, '2019-08-30', 309);
INSERT INTO lw6.`order` (id_order, id_production, id_dealer, id_pharmacy, date, quantity) VALUES (146, 54, 79, 3, '2019-03-17', 955);
INSERT INTO lw6.`order` (id_order, id_production, id_dealer, id_pharmacy, date, quantity) VALUES (147, 35, 25, 15, '2019-03-16', 937);
INSERT INTO lw6.`order` (id_order, id_production, id_dealer, id_pharmacy, date, quantity) VALUES (148, 53, 41, 2, '2019-10-21', 387);
INSERT INTO lw6.`order` (id_order, id_production, id_dealer, id_pharmacy, date, quantity) VALUES (149, 99, 15, 3, '2019-03-22', 362);
INSERT INTO lw6.`order` (id_order, id_production, id_dealer, id_pharmacy, date, quantity) VALUES (150, 159, 3, 12, '2019-06-06', 292);
INSERT INTO lw6.`order` (id_order, id_production, id_dealer, id_pharmacy, date, quantity) VALUES (151, 81, 13, 19, '2019-06-02', 447);
INSERT INTO lw6.`order` (id_order, id_production, id_dealer, id_pharmacy, date, quantity) VALUES (152, 87, 3, 4, '2019-04-27', 697);
INSERT INTO lw6.`order` (id_order, id_production, id_dealer, id_pharmacy, date, quantity) VALUES (153, 86, 79, 1, '2019-01-10', 995);
INSERT INTO lw6.`order` (id_order, id_production, id_dealer, id_pharmacy, date, quantity) VALUES (154, 121, 14, 4, '2019-08-17', 942);
INSERT INTO lw6.`order` (id_order, id_production, id_dealer, id_pharmacy, date, quantity) VALUES (155, 147, 15, 21, '2019-12-01', 576);
INSERT INTO lw6.`order` (id_order, id_production, id_dealer, id_pharmacy, date, quantity) VALUES (156, 42, 77, 4, '2019-09-27', 36);
INSERT INTO lw6.`order` (id_order, id_production, id_dealer, id_pharmacy, date, quantity) VALUES (157, 99, 15, 5, '2019-02-06', 494);
INSERT INTO lw6.`order` (id_order, id_production, id_dealer, id_pharmacy, date, quantity) VALUES (158, 59, 15, 14, '2019-11-19', 431);
INSERT INTO lw6.`order` (id_order, id_production, id_dealer, id_pharmacy, date, quantity) VALUES (159, 153, 14, 14, '2019-12-16', 50);
INSERT INTO lw6.`order` (id_order, id_production, id_dealer, id_pharmacy, date, quantity) VALUES (160, 118, 79, 15, '2019-06-09', 223);
INSERT INTO lw6.`order` (id_order, id_production, id_dealer, id_pharmacy, date, quantity) VALUES (161, 152, 51, 12, '2019-01-15', 567);
INSERT INTO lw6.`order` (id_order, id_production, id_dealer, id_pharmacy, date, quantity) VALUES (162, 75, 15, 16, '2019-03-04', 347);
INSERT INTO lw6.`order` (id_order, id_production, id_dealer, id_pharmacy, date, quantity) VALUES (163, 63, 3, 15, '2019-04-18', 396);
INSERT INTO lw6.`order` (id_order, id_production, id_dealer, id_pharmacy, date, quantity) VALUES (164, 164, 11, 13, '2019-04-11', 343);
INSERT INTO lw6.`order` (id_order, id_production, id_dealer, id_pharmacy, date, quantity) VALUES (165, 5, 41, 22, '2019-01-09', 693);
INSERT INTO lw6.`order` (id_order, id_production, id_dealer, id_pharmacy, date, quantity) VALUES (166, 153, 14, 23, '2019-05-14', 3);
INSERT INTO lw6.`order` (id_order, id_production, id_dealer, id_pharmacy, date, quantity) VALUES (167, 31, 62, 1, '2019-08-24', 744);
INSERT INTO lw6.`order` (id_order, id_production, id_dealer, id_pharmacy, date, quantity) VALUES (168, 93, 41, 25, '2019-11-29', 357);
INSERT INTO lw6.`order` (id_order, id_production, id_dealer, id_pharmacy, date, quantity) VALUES (169, 146, 77, 22, '2019-03-03', 819);
INSERT INTO lw6.`order` (id_order, id_production, id_dealer, id_pharmacy, date, quantity) VALUES (170, 145, 14, 9, '2019-03-31', 913);
INSERT INTO lw6.`order` (id_order, id_production, id_dealer, id_pharmacy, date, quantity) VALUES (171, 109, 41, 3, '2019-04-18', 299);
INSERT INTO lw6.`order` (id_order, id_production, id_dealer, id_pharmacy, date, quantity) VALUES (172, 91, 15, 2, '2019-02-06', 237);
INSERT INTO lw6.`order` (id_order, id_production, id_dealer, id_pharmacy, date, quantity) VALUES (173, 27, 15, 15, '2019-04-04', 373);
INSERT INTO lw6.`order` (id_order, id_production, id_dealer, id_pharmacy, date, quantity) VALUES (174, 136, 51, 17, '2019-02-20', 86);
INSERT INTO lw6.`order` (id_order, id_production, id_dealer, id_pharmacy, date, quantity) VALUES (175, 36, 11, 19, '2019-06-04', 632);
INSERT INTO lw6.`order` (id_order, id_production, id_dealer, id_pharmacy, date, quantity) VALUES (176, 79, 3, 2, '2019-08-29', 955);
INSERT INTO lw6.`order` (id_order, id_production, id_dealer, id_pharmacy, date, quantity) VALUES (177, 106, 49, 19, '2019-11-11', 943);
INSERT INTO lw6.`order` (id_order, id_production, id_dealer, id_pharmacy, date, quantity) VALUES (178, 121, 14, 25, '2019-02-05', 719);
INSERT INTO lw6.`order` (id_order, id_production, id_dealer, id_pharmacy, date, quantity) VALUES (179, 107, 15, 8, '2019-10-20', 59);
INSERT INTO lw6.`order` (id_order, id_production, id_dealer, id_pharmacy, date, quantity) VALUES (180, 102, 79, 5, '2019-11-17', 464);
INSERT INTO lw6.`order` (id_order, id_production, id_dealer, id_pharmacy, date, quantity) VALUES (181, 10, 77, 2, '2019-02-19', 496);
INSERT INTO lw6.`order` (id_order, id_production, id_dealer, id_pharmacy, date, quantity) VALUES (182, 48, 51, 24, '2019-07-20', 163);
INSERT INTO lw6.`order` (id_order, id_production, id_dealer, id_pharmacy, date, quantity) VALUES (183, 99, 15, 18, '2019-11-21', 978);
INSERT INTO lw6.`order` (id_order, id_production, id_dealer, id_pharmacy, date, quantity) VALUES (184, 102, 79, 10, '2019-09-10', 596);
INSERT INTO lw6.`order` (id_order, id_production, id_dealer, id_pharmacy, date, quantity) VALUES (185, 58, 77, 13, '2019-02-16', 807);
INSERT INTO lw6.`order` (id_order, id_production, id_dealer, id_pharmacy, date, quantity) VALUES (186, 52, 23, 11, '2019-07-23', 995);
INSERT INTO lw6.`order` (id_order, id_production, id_dealer, id_pharmacy, date, quantity) VALUES (187, 146, 77, 17, '2019-10-07', 466);
INSERT INTO lw6.`order` (id_order, id_production, id_dealer, id_pharmacy, date, quantity) VALUES (188, 130, 77, 11, '2019-11-12', 174);
INSERT INTO lw6.`order` (id_order, id_production, id_dealer, id_pharmacy, date, quantity) VALUES (189, 106, 77, 18, '2019-09-13', 453);
INSERT INTO lw6.`order` (id_order, id_production, id_dealer, id_pharmacy, date, quantity) VALUES (190, 11, 15, 8, '2019-06-26', 877);
INSERT INTO lw6.`order` (id_order, id_production, id_dealer, id_pharmacy, date, quantity) VALUES (191, 96, 51, 19, '2019-06-23', 743);
INSERT INTO lw6.`order` (id_order, id_production, id_dealer, id_pharmacy, date, quantity) VALUES (192, 122, 77, 22, '2019-11-09', 728);
INSERT INTO lw6.`order` (id_order, id_production, id_dealer, id_pharmacy, date, quantity) VALUES (193, 139, 15, 25, '2019-08-14', 206);
INSERT INTO lw6.`order` (id_order, id_production, id_dealer, id_pharmacy, date, quantity) VALUES (194, 68, 11, 1, '2019-06-13', 628);
INSERT INTO lw6.`order` (id_order, id_production, id_dealer, id_pharmacy, date, quantity) VALUES (195, 72, 51, 6, '2019-06-06', 723);
INSERT INTO lw6.`order` (id_order, id_production, id_dealer, id_pharmacy, date, quantity) VALUES (196, 89, 14, 12, '2019-05-12', 620);
INSERT INTO lw6.`order` (id_order, id_production, id_dealer, id_pharmacy, date, quantity) VALUES (197, 52, 55, 19, '2019-11-05', 756);
INSERT INTO lw6.`order` (id_order, id_production, id_dealer, id_pharmacy, date, quantity) VALUES (198, 41, 14, 10, '2019-11-20', 211);
INSERT INTO lw6.`order` (id_order, id_production, id_dealer, id_pharmacy, date, quantity) VALUES (199, 127, 3, 13, '2019-09-07', 452);
INSERT INTO lw6.`order` (id_order, id_production, id_dealer, id_pharmacy, date, quantity) VALUES (200, 8, 51, 1, '2019-07-06', 574);
INSERT INTO lw6.`order` (id_order, id_production, id_dealer, id_pharmacy, date, quantity) VALUES (201, 128, 51, 11, '2019-07-10', 581);
INSERT INTO lw6.`order` (id_order, id_production, id_dealer, id_pharmacy, date, quantity) VALUES (202, 153, 14, 12, '2019-07-17', 94);
INSERT INTO lw6.`order` (id_order, id_production, id_dealer, id_pharmacy, date, quantity) VALUES (203, 16, 1, 12, '2019-03-26', 300);
INSERT INTO lw6.`order` (id_order, id_production, id_dealer, id_pharmacy, date, quantity) VALUES (204, 135, 3, 15, '2019-04-15', 477);
INSERT INTO lw6.`order` (id_order, id_production, id_dealer, id_pharmacy, date, quantity) VALUES (205, 38, 79, 8, '2019-06-12', 127);
INSERT INTO lw6.`order` (id_order, id_production, id_dealer, id_pharmacy, date, quantity) VALUES (206, 161, 14, 24, '2019-10-17', 916);
INSERT INTO lw6.`order` (id_order, id_production, id_dealer, id_pharmacy, date, quantity) VALUES (207, 168, 51, 10, '2019-05-08', 524);
INSERT INTO lw6.`order` (id_order, id_production, id_dealer, id_pharmacy, date, quantity) VALUES (208, 163, 15, 19, '2019-08-05', 326);
INSERT INTO lw6.`order` (id_order, id_production, id_dealer, id_pharmacy, date, quantity) VALUES (209, 85, 41, 6, '2019-11-08', 962);
INSERT INTO lw6.`order` (id_order, id_production, id_dealer, id_pharmacy, date, quantity) VALUES (210, 43, 15, 21, '2019-12-16', 923);
INSERT INTO lw6.`order` (id_order, id_production, id_dealer, id_pharmacy, date, quantity) VALUES (211, 81, 14, 1, '2019-09-14', 710);
INSERT INTO lw6.`order` (id_order, id_production, id_dealer, id_pharmacy, date, quantity) VALUES (212, 89, 14, 24, '2019-10-28', 136);
INSERT INTO lw6.`order` (id_order, id_production, id_dealer, id_pharmacy, date, quantity) VALUES (213, 127, 3, 10, '2019-04-06', 197);
INSERT INTO lw6.`order` (id_order, id_production, id_dealer, id_pharmacy, date, quantity) VALUES (214, 133, 41, 15, '2019-07-18', 460);
INSERT INTO lw6.`order` (id_order, id_production, id_dealer, id_pharmacy, date, quantity) VALUES (215, 102, 79, 20, '2019-07-18', 309);
INSERT INTO lw6.`order` (id_order, id_production, id_dealer, id_pharmacy, date, quantity) VALUES (216, 108, 11, 19, '2019-03-30', 988);
INSERT INTO lw6.`order` (id_order, id_production, id_dealer, id_pharmacy, date, quantity) VALUES (217, 103, 32, 17, '2019-02-06', 131);
INSERT INTO lw6.`order` (id_order, id_production, id_dealer, id_pharmacy, date, quantity) VALUES (218, 145, 14, 24, '2019-09-04', 359);
INSERT INTO lw6.`order` (id_order, id_production, id_dealer, id_pharmacy, date, quantity) VALUES (219, 147, 15, 12, '2019-03-20', 552);
INSERT INTO lw6.`order` (id_order, id_production, id_dealer, id_pharmacy, date, quantity) VALUES (220, 23, 3, 2, '2019-03-27', 140);
INSERT INTO lw6.`order` (id_order, id_production, id_dealer, id_pharmacy, date, quantity) VALUES (221, 25, 14, 3, '2019-12-04', 467);
INSERT INTO lw6.`order` (id_order, id_production, id_dealer, id_pharmacy, date, quantity) VALUES (222, 155, 15, 4, '2019-01-14', 756);
INSERT INTO lw6.`order` (id_order, id_production, id_dealer, id_pharmacy, date, quantity) VALUES (223, 85, 41, 11, '2019-05-06', 587);
INSERT INTO lw6.`order` (id_order, id_production, id_dealer, id_pharmacy, date, quantity) VALUES (224, 138, 77, 20, '2019-10-28', 57);
INSERT INTO lw6.`order` (id_order, id_production, id_dealer, id_pharmacy, date, quantity) VALUES (225, 30, 79, 19, '2019-07-24', 176);
INSERT INTO lw6.`order` (id_order, id_production, id_dealer, id_pharmacy, date, quantity) VALUES (226, 116, 11, 20, '2019-01-12', 168);
INSERT INTO lw6.`order` (id_order, id_production, id_dealer, id_pharmacy, date, quantity) VALUES (227, 98, 77, 5, '2019-12-19', 129);
INSERT INTO lw6.`order` (id_order, id_production, id_dealer, id_pharmacy, date, quantity) VALUES (228, 116, 11, 1, '2019-05-22', 985);
INSERT INTO lw6.`order` (id_order, id_production, id_dealer, id_pharmacy, date, quantity) VALUES (229, 141, 47, 7, '2019-06-20', 826);
INSERT INTO lw6.`order` (id_order, id_production, id_dealer, id_pharmacy, date, quantity) VALUES (230, 6, 79, 17, '2019-11-11', 802);
INSERT INTO lw6.`order` (id_order, id_production, id_dealer, id_pharmacy, date, quantity) VALUES (231, 65, 14, 17, '2019-12-24', 521);
INSERT INTO lw6.`order` (id_order, id_production, id_dealer, id_pharmacy, date, quantity) VALUES (232, 38, 79, 15, '2019-05-23', 138);
INSERT INTO lw6.`order` (id_order, id_production, id_dealer, id_pharmacy, date, quantity) VALUES (233, 8, 51, 2, '2019-12-12', 816);
INSERT INTO lw6.`order` (id_order, id_production, id_dealer, id_pharmacy, date, quantity) VALUES (234, 114, 77, 23, '2019-08-26', 763);
INSERT INTO lw6.`order` (id_order, id_production, id_dealer, id_pharmacy, date, quantity) VALUES (235, 117, 41, 11, '2019-08-12', 976);
INSERT INTO lw6.`order` (id_order, id_production, id_dealer, id_pharmacy, date, quantity) VALUES (236, 103, 3, 16, '2019-04-15', 876);
INSERT INTO lw6.`order` (id_order, id_production, id_dealer, id_pharmacy, date, quantity) VALUES (237, 166, 79, 20, '2019-08-01', 606);
INSERT INTO lw6.`order` (id_order, id_production, id_dealer, id_pharmacy, date, quantity) VALUES (238, 77, 41, 24, '2019-06-22', 457);
INSERT INTO lw6.`order` (id_order, id_production, id_dealer, id_pharmacy, date, quantity) VALUES (239, 35, 15, 17, '2019-01-08', 225);
INSERT INTO lw6.`order` (id_order, id_production, id_dealer, id_pharmacy, date, quantity) VALUES (240, 7, 3, 20, '2019-12-28', 449);
INSERT INTO lw6.`order` (id_order, id_production, id_dealer, id_pharmacy, date, quantity) VALUES (241, 127, 3, 25, '2019-12-06', 148);
INSERT INTO lw6.`order` (id_order, id_production, id_dealer, id_pharmacy, date, quantity) VALUES (242, 76, 11, 19, '2019-11-22', 540);
INSERT INTO lw6.`order` (id_order, id_production, id_dealer, id_pharmacy, date, quantity) VALUES (243, 111, 3, 5, '2019-07-31', 18);
INSERT INTO lw6.`order` (id_order, id_production, id_dealer, id_pharmacy, date, quantity) VALUES (244, 139, 15, 13, '2019-03-18', 698);
INSERT INTO lw6.`order` (id_order, id_production, id_dealer, id_pharmacy, date, quantity) VALUES (245, 25, 14, 21, '2019-02-05', 512);
INSERT INTO lw6.`order` (id_order, id_production, id_dealer, id_pharmacy, date, quantity) VALUES (246, 111, 3, 3, '2019-09-16', 781);
INSERT INTO lw6.`order` (id_order, id_production, id_dealer, id_pharmacy, date, quantity) VALUES (247, 41, 14, 14, '2019-07-14', 800);
INSERT INTO lw6.`order` (id_order, id_production, id_dealer, id_pharmacy, date, quantity) VALUES (248, 147, 15, 14, '2019-08-02', 971);
INSERT INTO lw6.`order` (id_order, id_production, id_dealer, id_pharmacy, date, quantity) VALUES (249, 83, 15, 6, '2019-02-24', 742);
INSERT INTO lw6.`order` (id_order, id_production, id_dealer, id_pharmacy, date, quantity) VALUES (250, 13, 41, 21, '2019-04-27', 226);
INSERT INTO lw6.`order` (id_order, id_production, id_dealer, id_pharmacy, date, quantity) VALUES (251, 84, 11, 5, '2019-11-08', 888);
INSERT INTO lw6.`order` (id_order, id_production, id_dealer, id_pharmacy, date, quantity) VALUES (252, 111, 3, 5, '2019-03-23', 847);
INSERT INTO lw6.`order` (id_order, id_production, id_dealer, id_pharmacy, date, quantity) VALUES (253, 12, 11, 16, '2019-02-19', 162);
INSERT INTO lw6.`order` (id_order, id_production, id_dealer, id_pharmacy, date, quantity) VALUES (254, 45, 41, 15, '2019-11-20', 283);
INSERT INTO lw6.`order` (id_order, id_production, id_dealer, id_pharmacy, date, quantity) VALUES (255, 75, 15, 25, '2019-04-15', 423);
INSERT INTO lw6.`order` (id_order, id_production, id_dealer, id_pharmacy, date, quantity) VALUES (256, 67, 15, 20, '2019-03-01', 398);
INSERT INTO lw6.`order` (id_order, id_production, id_dealer, id_pharmacy, date, quantity) VALUES (257, 11, 15, 10, '2019-11-27', 888);
INSERT INTO lw6.`order` (id_order, id_production, id_dealer, id_pharmacy, date, quantity) VALUES (258, 163, 15, 4, '2019-04-27', 285);
INSERT INTO lw6.`order` (id_order, id_production, id_dealer, id_pharmacy, date, quantity) VALUES (259, 135, 3, 14, '2019-07-11', 68);
INSERT INTO lw6.`order` (id_order, id_production, id_dealer, id_pharmacy, date, quantity) VALUES (260, 11, 15, 7, '2019-08-19', 886);
INSERT INTO lw6.`order` (id_order, id_production, id_dealer, id_pharmacy, date, quantity) VALUES (261, 125, 41, 13, '2019-07-24', 788);
INSERT INTO lw6.`order` (id_order, id_production, id_dealer, id_pharmacy, date, quantity) VALUES (262, 33, 14, 13, '2019-06-06', 672);
INSERT INTO lw6.`order` (id_order, id_production, id_dealer, id_pharmacy, date, quantity) VALUES (263, 164, 11, 11, '2019-11-30', 88);
INSERT INTO lw6.`order` (id_order, id_production, id_dealer, id_pharmacy, date, quantity) VALUES (264, 107, 15, 13, '2019-01-06', 930);
INSERT INTO lw6.`order` (id_order, id_production, id_dealer, id_pharmacy, date, quantity) VALUES (265, 59, 15, 1, '2019-02-23', 601);
INSERT INTO lw6.`order` (id_order, id_production, id_dealer, id_pharmacy, date, quantity) VALUES (266, 137, 14, 10, '2019-01-25', 121);
INSERT INTO lw6.`order` (id_order, id_production, id_dealer, id_pharmacy, date, quantity) VALUES (267, 16, 51, 2, '2019-09-21', 306);
INSERT INTO lw6.`order` (id_order, id_production, id_dealer, id_pharmacy, date, quantity) VALUES (268, 136, 51, 16, '2019-09-28', 193);
INSERT INTO lw6.`order` (id_order, id_production, id_dealer, id_pharmacy, date, quantity) VALUES (269, 73, 14, 10, '2019-09-11', 131);
INSERT INTO lw6.`order` (id_order, id_production, id_dealer, id_pharmacy, date, quantity) VALUES (270, 85, 41, 15, '2019-07-04', 744);
INSERT INTO lw6.`order` (id_order, id_production, id_dealer, id_pharmacy, date, quantity) VALUES (271, 49, 14, 3, '2019-05-10', 71);
INSERT INTO lw6.`order` (id_order, id_production, id_dealer, id_pharmacy, date, quantity) VALUES (272, 84, 11, 7, '2019-01-04', 832);
INSERT INTO lw6.`order` (id_order, id_production, id_dealer, id_pharmacy, date, quantity) VALUES (273, 161, 14, 13, '2019-01-17', 399);
INSERT INTO lw6.`order` (id_order, id_production, id_dealer, id_pharmacy, date, quantity) VALUES (274, 24, 51, 9, '2019-03-07', 376);
INSERT INTO lw6.`order` (id_order, id_production, id_dealer, id_pharmacy, date, quantity) VALUES (275, 144, 51, 20, '2019-07-09', 953);
INSERT INTO lw6.`order` (id_order, id_production, id_dealer, id_pharmacy, date, quantity) VALUES (276, 58, 77, 15, '2019-02-14', 699);
INSERT INTO lw6.`order` (id_order, id_production, id_dealer, id_pharmacy, date, quantity) VALUES (277, 88, 51, 13, '2019-10-31', 67);
INSERT INTO lw6.`order` (id_order, id_production, id_dealer, id_pharmacy, date, quantity) VALUES (278, 90, 77, 23, '2019-01-06', 250);
INSERT INTO lw6.`order` (id_order, id_production, id_dealer, id_pharmacy, date, quantity) VALUES (279, 77, 41, 14, '2019-01-28', 924);
INSERT INTO lw6.`order` (id_order, id_production, id_dealer, id_pharmacy, date, quantity) VALUES (280, 14, 79, 21, '2019-06-27', 587);
INSERT INTO lw6.`order` (id_order, id_production, id_dealer, id_pharmacy, date, quantity) VALUES (281, 96, 51, 24, '2019-05-11', 430);
INSERT INTO lw6.`order` (id_order, id_production, id_dealer, id_pharmacy, date, quantity) VALUES (282, 121, 14, 10, '2019-05-13', 172);
INSERT INTO lw6.`order` (id_order, id_production, id_dealer, id_pharmacy, date, quantity) VALUES (283, 22, 79, 17, '2019-07-08', 524);
INSERT INTO lw6.`order` (id_order, id_production, id_dealer, id_pharmacy, date, quantity) VALUES (284, 100, 28, 20, '2019-01-05', 810);
INSERT INTO lw6.`order` (id_order, id_production, id_dealer, id_pharmacy, date, quantity) VALUES (285, 122, 77, 2, '2019-06-27', 274);
INSERT INTO lw6.`order` (id_order, id_production, id_dealer, id_pharmacy, date, quantity) VALUES (286, 3, 15, 20, '2019-04-10', 773);
INSERT INTO lw6.`order` (id_order, id_production, id_dealer, id_pharmacy, date, quantity) VALUES (287, 153, 14, 18, '2019-01-13', 399);
INSERT INTO lw6.`order` (id_order, id_production, id_dealer, id_pharmacy, date, quantity) VALUES (288, 10, 77, 25, '2019-07-12', 263);
INSERT INTO lw6.`order` (id_order, id_production, id_dealer, id_pharmacy, date, quantity) VALUES (289, 96, 51, 4, '2019-01-06', 927);
INSERT INTO lw6.`order` (id_order, id_production, id_dealer, id_pharmacy, date, quantity) VALUES (290, 77, 41, 22, '2019-02-26', 962);
INSERT INTO lw6.`order` (id_order, id_production, id_dealer, id_pharmacy, date, quantity) VALUES (291, 60, 11, 1, '2019-08-07', 164);
INSERT INTO lw6.`order` (id_order, id_production, id_dealer, id_pharmacy, date, quantity) VALUES (292, 76, 11, 14, '2019-10-17', 962);
INSERT INTO lw6.`order` (id_order, id_production, id_dealer, id_pharmacy, date, quantity) VALUES (293, 61, 41, 13, '2019-06-22', 305);
INSERT INTO lw6.`order` (id_order, id_production, id_dealer, id_pharmacy, date, quantity) VALUES (294, 142, 79, 5, '2019-07-31', 285);
INSERT INTO lw6.`order` (id_order, id_production, id_dealer, id_pharmacy, date, quantity) VALUES (295, 112, 51, 18, '2019-03-27', 239);
INSERT INTO lw6.`order` (id_order, id_production, id_dealer, id_pharmacy, date, quantity) VALUES (296, 135, 3, 22, '2019-03-02', 916);
INSERT INTO lw6.`order` (id_order, id_production, id_dealer, id_pharmacy, date, quantity) VALUES (297, 7, 3, 25, '2019-10-25', 331);
INSERT INTO lw6.`order` (id_order, id_production, id_dealer, id_pharmacy, date, quantity) VALUES (298, 17, 14, 25, '2019-01-24', 753);
INSERT INTO lw6.`order` (id_order, id_production, id_dealer, id_pharmacy, date, quantity) VALUES (299, 16, 51, 8, '2019-02-13', 34);
INSERT INTO lw6.`order` (id_order, id_production, id_dealer, id_pharmacy, date, quantity) VALUES (300, 2, 77, 2, '2019-05-05', 757);
INSERT INTO lw6.`order` (id_order, id_production, id_dealer, id_pharmacy, date, quantity) VALUES (301, 37, 41, 2, '2019-05-20', 366);
INSERT INTO lw6.`order` (id_order, id_production, id_dealer, id_pharmacy, date, quantity) VALUES (302, 67, 15, 25, '2019-03-05', 1);
INSERT INTO lw6.`order` (id_order, id_production, id_dealer, id_pharmacy, date, quantity) VALUES (303, 152, 51, 3, '2019-05-22', 233);
INSERT INTO lw6.`order` (id_order, id_production, id_dealer, id_pharmacy, date, quantity) VALUES (304, 33, 14, 19, '2019-04-02', 286);
INSERT INTO lw6.`order` (id_order, id_production, id_dealer, id_pharmacy, date, quantity) VALUES (305, 12, 11, 9, '2019-09-21', 605);
INSERT INTO lw6.`order` (id_order, id_production, id_dealer, id_pharmacy, date, quantity) VALUES (306, 14, 79, 2, '2019-08-06', 87);
INSERT INTO lw6.`order` (id_order, id_production, id_dealer, id_pharmacy, date, quantity) VALUES (307, 60, 55, 8, '2019-03-06', 140);
INSERT INTO lw6.`order` (id_order, id_production, id_dealer, id_pharmacy, date, quantity) VALUES (308, 83, 12, 25, '2019-11-09', 538);
INSERT INTO lw6.`order` (id_order, id_production, id_dealer, id_pharmacy, date, quantity) VALUES (309, 108, 11, 8, '2019-10-07', 657);
INSERT INTO lw6.`order` (id_order, id_production, id_dealer, id_pharmacy, date, quantity) VALUES (310, 5, 41, 24, '2019-11-16', 322);
INSERT INTO lw6.`order` (id_order, id_production, id_dealer, id_pharmacy, date, quantity) VALUES (311, 145, 14, 18, '2019-06-09', 406);
INSERT INTO lw6.`order` (id_order, id_production, id_dealer, id_pharmacy, date, quantity) VALUES (312, 8, 51, 12, '2019-06-23', 822);
INSERT INTO lw6.`order` (id_order, id_production, id_dealer, id_pharmacy, date, quantity) VALUES (313, 147, 15, 1, '2019-07-22', 708);
INSERT INTO lw6.`order` (id_order, id_production, id_dealer, id_pharmacy, date, quantity) VALUES (314, 148, 11, 10, '2019-02-14', 616);
INSERT INTO lw6.`order` (id_order, id_production, id_dealer, id_pharmacy, date, quantity) VALUES (315, 157, 41, 5, '2019-05-08', 615);
INSERT INTO lw6.`order` (id_order, id_production, id_dealer, id_pharmacy, date, quantity) VALUES (316, 57, 14, 1, '2019-05-16', 305);
INSERT INTO lw6.`order` (id_order, id_production, id_dealer, id_pharmacy, date, quantity) VALUES (317, 62, 79, 7, '2019-06-05', 874);
INSERT INTO lw6.`order` (id_order, id_production, id_dealer, id_pharmacy, date, quantity) VALUES (318, 156, 11, 10, '2019-03-10', 152);
INSERT INTO lw6.`order` (id_order, id_production, id_dealer, id_pharmacy, date, quantity) VALUES (319, 27, 15, 18, '2019-08-01', 314);
INSERT INTO lw6.`order` (id_order, id_production, id_dealer, id_pharmacy, date, quantity) VALUES (320, 104, 51, 7, '2019-02-13', 521);
INSERT INTO lw6.`order` (id_order, id_production, id_dealer, id_pharmacy, date, quantity) VALUES (321, 87, 3, 5, '2019-11-08', 466);
INSERT INTO lw6.`order` (id_order, id_production, id_dealer, id_pharmacy, date, quantity) VALUES (322, 109, 41, 17, '2019-04-10', 919);
INSERT INTO lw6.`order` (id_order, id_production, id_dealer, id_pharmacy, date, quantity) VALUES (323, 103, 3, 4, '2019-06-18', 100);
INSERT INTO lw6.`order` (id_order, id_production, id_dealer, id_pharmacy, date, quantity) VALUES (324, 134, 79, 6, '2019-09-22', 828);
INSERT INTO lw6.`order` (id_order, id_production, id_dealer, id_pharmacy, date, quantity) VALUES (325, 40, 51, 7, '2019-01-25', 135);
INSERT INTO lw6.`order` (id_order, id_production, id_dealer, id_pharmacy, date, quantity) VALUES (326, 33, 17, 12, '2019-02-24', 975);
INSERT INTO lw6.`order` (id_order, id_production, id_dealer, id_pharmacy, date, quantity) VALUES (327, 137, 54, 17, '2019-04-20', 175);
INSERT INTO lw6.`order` (id_order, id_production, id_dealer, id_pharmacy, date, quantity) VALUES (328, 49, 14, 16, '2019-09-09', 183);
INSERT INTO lw6.`order` (id_order, id_production, id_dealer, id_pharmacy, date, quantity) VALUES (329, 25, 14, 7, '2019-07-12', 385);
INSERT INTO lw6.`order` (id_order, id_production, id_dealer, id_pharmacy, date, quantity) VALUES (330, 135, 3, 11, '2019-01-30', 667);
INSERT INTO lw6.`order` (id_order, id_production, id_dealer, id_pharmacy, date, quantity) VALUES (331, 46, 79, 9, '2019-03-11', 357);
INSERT INTO lw6.`order` (id_order, id_production, id_dealer, id_pharmacy, date, quantity) VALUES (332, 1, 14, 8, '2019-03-27', 967);
INSERT INTO lw6.`order` (id_order, id_production, id_dealer, id_pharmacy, date, quantity) VALUES (333, 30, 79, 2, '2019-03-17', 233);
INSERT INTO lw6.`order` (id_order, id_production, id_dealer, id_pharmacy, date, quantity) VALUES (334, 53, 41, 14, '2019-02-05', 878);
INSERT INTO lw6.`order` (id_order, id_production, id_dealer, id_pharmacy, date, quantity) VALUES (335, 112, 51, 22, '2019-08-27', 119);
INSERT INTO lw6.`order` (id_order, id_production, id_dealer, id_pharmacy, date, quantity) VALUES (336, 68, 11, 24, '2019-05-29', 642);
INSERT INTO lw6.`order` (id_order, id_production, id_dealer, id_pharmacy, date, quantity) VALUES (337, 137, 14, 18, '2019-05-31', 813);
INSERT INTO lw6.`order` (id_order, id_production, id_dealer, id_pharmacy, date, quantity) VALUES (338, 51, 15, 1, '2019-09-03', 916);
INSERT INTO lw6.`order` (id_order, id_production, id_dealer, id_pharmacy, date, quantity) VALUES (339, 100, 11, 15, '2019-04-28', 930);
INSERT INTO lw6.`order` (id_order, id_production, id_dealer, id_pharmacy, date, quantity) VALUES (340, 145, 17, 13, '2019-05-16', 947);
INSERT INTO lw6.`order` (id_order, id_production, id_dealer, id_pharmacy, date, quantity) VALUES (341, 142, 79, 7, '2019-11-18', 582);
INSERT INTO lw6.`order` (id_order, id_production, id_dealer, id_pharmacy, date, quantity) VALUES (342, 34, 77, 15, '2019-11-23', 576);
INSERT INTO lw6.`order` (id_order, id_production, id_dealer, id_pharmacy, date, quantity) VALUES (343, 164, 11, 24, '2019-06-12', 859);
INSERT INTO lw6.`order` (id_order, id_production, id_dealer, id_pharmacy, date, quantity) VALUES (344, 26, 77, 24, '2019-03-11', 303);
INSERT INTO lw6.`order` (id_order, id_production, id_dealer, id_pharmacy, date, quantity) VALUES (345, 48, 51, 13, '2019-05-06', 861);
INSERT INTO lw6.`order` (id_order, id_production, id_dealer, id_pharmacy, date, quantity) VALUES (346, 28, 59, 15, '2019-10-18', 2);
INSERT INTO lw6.`order` (id_order, id_production, id_dealer, id_pharmacy, date, quantity) VALUES (347, 83, 15, 14, '2019-09-16', 364);
INSERT INTO lw6.`order` (id_order, id_production, id_dealer, id_pharmacy, date, quantity) VALUES (348, 32, 51, 11, '2019-08-29', 588);
INSERT INTO lw6.`order` (id_order, id_production, id_dealer, id_pharmacy, date, quantity) VALUES (349, 155, 64, 2, '2019-03-03', 627);
INSERT INTO lw6.`order` (id_order, id_production, id_dealer, id_pharmacy, date, quantity) VALUES (350, 3, 15, 8, '2019-01-09', 104);
INSERT INTO lw6.`order` (id_order, id_production, id_dealer, id_pharmacy, date, quantity) VALUES (351, 146, 77, 22, '2019-03-25', 662);
INSERT INTO lw6.`order` (id_order, id_production, id_dealer, id_pharmacy, date, quantity) VALUES (352, 127, 3, 1, '2019-06-07', 209);
INSERT INTO lw6.`order` (id_order, id_production, id_dealer, id_pharmacy, date, quantity) VALUES (353, 104, 51, 5, '2019-02-18', 473);
INSERT INTO lw6.`order` (id_order, id_production, id_dealer, id_pharmacy, date, quantity) VALUES (354, 54, 79, 11, '2019-08-20', 414);
INSERT INTO lw6.`order` (id_order, id_production, id_dealer, id_pharmacy, date, quantity) VALUES (355, 52, 11, 11, '2019-01-13', 67);
INSERT INTO lw6.`order` (id_order, id_production, id_dealer, id_pharmacy, date, quantity) VALUES (356, 123, 15, 22, '2019-05-01', 757);
INSERT INTO lw6.`order` (id_order, id_production, id_dealer, id_pharmacy, date, quantity) VALUES (357, 72, 1, 24, '2019-06-22', 523);
INSERT INTO lw6.`order` (id_order, id_production, id_dealer, id_pharmacy, date, quantity) VALUES (358, 43, 15, 24, '2019-11-26', 818);
INSERT INTO lw6.`order` (id_order, id_production, id_dealer, id_pharmacy, date, quantity) VALUES (359, 140, 11, 18, '2019-01-14', 128);
INSERT INTO lw6.`order` (id_order, id_production, id_dealer, id_pharmacy, date, quantity) VALUES (360, 61, 41, 5, '2019-10-08', 796);
INSERT INTO lw6.`order` (id_order, id_production, id_dealer, id_pharmacy, date, quantity) VALUES (361, 21, 41, 11, '2019-03-19', 656);
INSERT INTO lw6.`order` (id_order, id_production, id_dealer, id_pharmacy, date, quantity) VALUES (362, 38, 79, 24, '2019-03-20', 713);
INSERT INTO lw6.`order` (id_order, id_production, id_dealer, id_pharmacy, date, quantity) VALUES (363, 153, 14, 21, '2019-06-02', 295);
INSERT INTO lw6.`order` (id_order, id_production, id_dealer, id_pharmacy, date, quantity) VALUES (364, 44, 11, 1, '2019-01-11', 549);
INSERT INTO lw6.`order` (id_order, id_production, id_dealer, id_pharmacy, date, quantity) VALUES (365, 159, 3, 9, '2019-07-28', 129);
INSERT INTO lw6.`order` (id_order, id_production, id_dealer, id_pharmacy, date, quantity) VALUES (366, 70, 79, 7, '2019-04-01', 855);
INSERT INTO lw6.`order` (id_order, id_production, id_dealer, id_pharmacy, date, quantity) VALUES (367, 62, 79, 19, '2019-06-02', 562);
INSERT INTO lw6.`order` (id_order, id_production, id_dealer, id_pharmacy, date, quantity) VALUES (368, 135, 3, 20, '2019-06-16', 70);
INSERT INTO lw6.`order` (id_order, id_production, id_dealer, id_pharmacy, date, quantity) VALUES (369, 114, 77, 16, '2019-06-15', 657);
INSERT INTO lw6.`order` (id_order, id_production, id_dealer, id_pharmacy, date, quantity) VALUES (370, 26, 77, 24, '2019-03-23', 444);
INSERT INTO lw6.`order` (id_order, id_production, id_dealer, id_pharmacy, date, quantity) VALUES (371, 78, 79, 8, '2019-06-06', 888);
INSERT INTO lw6.`order` (id_order, id_production, id_dealer, id_pharmacy, date, quantity) VALUES (372, 47, 3, 11, '2019-01-08', 712);
INSERT INTO lw6.`order` (id_order, id_production, id_dealer, id_pharmacy, date, quantity) VALUES (373, 120, 51, 12, '2019-04-01', 181);
INSERT INTO lw6.`order` (id_order, id_production, id_dealer, id_pharmacy, date, quantity) VALUES (374, 12, 11, 4, '2019-12-13', 184);
INSERT INTO lw6.`order` (id_order, id_production, id_dealer, id_pharmacy, date, quantity) VALUES (375, 138, 77, 11, '2019-06-06', 944);
INSERT INTO lw6.`order` (id_order, id_production, id_dealer, id_pharmacy, date, quantity) VALUES (376, 144, 51, 3, '2019-01-15', 632);
INSERT INTO lw6.`order` (id_order, id_production, id_dealer, id_pharmacy, date, quantity) VALUES (377, 27, 15, 9, '2019-05-11', 129);
INSERT INTO lw6.`order` (id_order, id_production, id_dealer, id_pharmacy, date, quantity) VALUES (378, 97, 14, 14, '2019-12-24', 491);
INSERT INTO lw6.`order` (id_order, id_production, id_dealer, id_pharmacy, date, quantity) VALUES (379, 131, 15, 21, '2019-11-09', 259);
INSERT INTO lw6.`order` (id_order, id_production, id_dealer, id_pharmacy, date, quantity) VALUES (380, 26, 77, 7, '2019-08-12', 561);
INSERT INTO lw6.`order` (id_order, id_production, id_dealer, id_pharmacy, date, quantity) VALUES (381, 47, 3, 4, '2019-04-19', 571);
INSERT INTO lw6.`order` (id_order, id_production, id_dealer, id_pharmacy, date, quantity) VALUES (382, 66, 77, 16, '2019-03-21', 507);
INSERT INTO lw6.`order` (id_order, id_production, id_dealer, id_pharmacy, date, quantity) VALUES (383, 147, 15, 20, '2019-01-04', 501);
INSERT INTO lw6.`order` (id_order, id_production, id_dealer, id_pharmacy, date, quantity) VALUES (384, 46, 79, 25, '2019-03-28', 986);
INSERT INTO lw6.`order` (id_order, id_production, id_dealer, id_pharmacy, date, quantity) VALUES (385, 51, 15, 12, '2019-09-06', 307);
INSERT INTO lw6.`order` (id_order, id_production, id_dealer, id_pharmacy, date, quantity) VALUES (386, 12, 11, 1, '2019-06-15', 769);
INSERT INTO lw6.`order` (id_order, id_production, id_dealer, id_pharmacy, date, quantity) VALUES (387, 15, 3, 11, '2019-04-07', 401);
INSERT INTO lw6.`order` (id_order, id_production, id_dealer, id_pharmacy, date, quantity) VALUES (388, 9, 14, 21, '2019-06-12', 265);
INSERT INTO lw6.`order` (id_order, id_production, id_dealer, id_pharmacy, date, quantity) VALUES (389, 100, 11, 5, '2019-11-27', 895);
INSERT INTO lw6.`order` (id_order, id_production, id_dealer, id_pharmacy, date, quantity) VALUES (390, 17, 14, 8, '2019-04-19', 914);
INSERT INTO lw6.`order` (id_order, id_production, id_dealer, id_pharmacy, date, quantity) VALUES (391, 78, 79, 7, '2019-10-31', 999);
INSERT INTO lw6.`order` (id_order, id_production, id_dealer, id_pharmacy, date, quantity) VALUES (392, 143, 3, 19, '2019-09-11', 760);
INSERT INTO lw6.`order` (id_order, id_production, id_dealer, id_pharmacy, date, quantity) VALUES (393, 111, 3, 18, '2019-11-18', 410);
INSERT INTO lw6.`order` (id_order, id_production, id_dealer, id_pharmacy, date, quantity) VALUES (394, 1, 14, 14, '2019-05-05', 533);
INSERT INTO lw6.`order` (id_order, id_production, id_dealer, id_pharmacy, date, quantity) VALUES (395, 97, 14, 19, '2019-02-08', 835);
INSERT INTO lw6.`order` (id_order, id_production, id_dealer, id_pharmacy, date, quantity) VALUES (396, 107, 15, 7, '2019-06-07', 556);
INSERT INTO lw6.`order` (id_order, id_production, id_dealer, id_pharmacy, date, quantity) VALUES (397, 17, 14, 6, '2019-09-03', 104);
INSERT INTO lw6.`order` (id_order, id_production, id_dealer, id_pharmacy, date, quantity) VALUES (398, 110, 79, 6, '2019-07-10', 452);
INSERT INTO lw6.`order` (id_order, id_production, id_dealer, id_pharmacy, date, quantity) VALUES (399, 100, 11, 22, '2019-12-10', 155);
INSERT INTO lw6.`order` (id_order, id_production, id_dealer, id_pharmacy, date, quantity) VALUES (400, 100, 11, 8, '2019-04-30', 608);
INSERT INTO lw6.`order` (id_order, id_production, id_dealer, id_pharmacy, date, quantity) VALUES (401, 143, 3, 17, '2019-10-19', 74);
INSERT INTO lw6.`order` (id_order, id_production, id_dealer, id_pharmacy, date, quantity) VALUES (402, 43, 15, 25, '2019-09-12', 378);
INSERT INTO lw6.`order` (id_order, id_production, id_dealer, id_pharmacy, date, quantity) VALUES (403, 153, 14, 9, '2019-07-18', 710);
INSERT INTO lw6.`order` (id_order, id_production, id_dealer, id_pharmacy, date, quantity) VALUES (404, 108, 11, 7, '2019-10-12', 865);
INSERT INTO lw6.`order` (id_order, id_production, id_dealer, id_pharmacy, date, quantity) VALUES (405, 7, 3, 22, '2019-11-01', 652);
INSERT INTO lw6.`order` (id_order, id_production, id_dealer, id_pharmacy, date, quantity) VALUES (406, 168, 51, 3, '2019-11-20', 799);
INSERT INTO lw6.`order` (id_order, id_production, id_dealer, id_pharmacy, date, quantity) VALUES (407, 165, 41, 15, '2019-03-12', 166);
INSERT INTO lw6.`order` (id_order, id_production, id_dealer, id_pharmacy, date, quantity) VALUES (408, 12, 70, 15, '2019-11-03', 226);
INSERT INTO lw6.`order` (id_order, id_production, id_dealer, id_pharmacy, date, quantity) VALUES (409, 123, 12, 1, '2019-02-14', 746);
INSERT INTO lw6.`order` (id_order, id_production, id_dealer, id_pharmacy, date, quantity) VALUES (410, 41, 14, 23, '2019-05-12', 660);
INSERT INTO lw6.`order` (id_order, id_production, id_dealer, id_pharmacy, date, quantity) VALUES (411, 74, 77, 6, '2019-11-19', 598);
INSERT INTO lw6.`order` (id_order, id_production, id_dealer, id_pharmacy, date, quantity) VALUES (412, 32, 51, 3, '2019-07-19', 292);
INSERT INTO lw6.`order` (id_order, id_production, id_dealer, id_pharmacy, date, quantity) VALUES (413, 85, 37, 8, '2019-02-16', 839);
INSERT INTO lw6.`order` (id_order, id_production, id_dealer, id_pharmacy, date, quantity) VALUES (414, 10, 75, 18, '2019-07-01', 891);
INSERT INTO lw6.`order` (id_order, id_production, id_dealer, id_pharmacy, date, quantity) VALUES (415, 167, 3, 15, '2019-06-30', 807);
INSERT INTO lw6.`order` (id_order, id_production, id_dealer, id_pharmacy, date, quantity) VALUES (416, 89, 14, 8, '2019-08-26', 889);
INSERT INTO lw6.`order` (id_order, id_production, id_dealer, id_pharmacy, date, quantity) VALUES (417, 160, 51, 18, '2019-07-05', 796);
INSERT INTO lw6.`order` (id_order, id_production, id_dealer, id_pharmacy, date, quantity) VALUES (418, 105, 14, 10, '2019-04-22', 689);
INSERT INTO lw6.`order` (id_order, id_production, id_dealer, id_pharmacy, date, quantity) VALUES (419, 115, 15, 1, '2019-12-20', 603);
INSERT INTO lw6.`order` (id_order, id_production, id_dealer, id_pharmacy, date, quantity) VALUES (420, 151, 3, 21, '2019-11-19', 62);
INSERT INTO lw6.`order` (id_order, id_production, id_dealer, id_pharmacy, date, quantity) VALUES (421, 87, 3, 19, '2019-12-07', 449);
INSERT INTO lw6.`order` (id_order, id_production, id_dealer, id_pharmacy, date, quantity) VALUES (422, 111, 68, 12, '2019-08-26', 884);
INSERT INTO lw6.`order` (id_order, id_production, id_dealer, id_pharmacy, date, quantity) VALUES (423, 89, 14, 2, '2019-06-19', 96);
INSERT INTO lw6.`order` (id_order, id_production, id_dealer, id_pharmacy, date, quantity) VALUES (424, 79, 3, 14, '2019-12-30', 20);
INSERT INTO lw6.`order` (id_order, id_production, id_dealer, id_pharmacy, date, quantity) VALUES (425, 135, 3, 1, '2019-05-19', 623);
INSERT INTO lw6.`order` (id_order, id_production, id_dealer, id_pharmacy, date, quantity) VALUES (426, 72, 51, 6, '2019-07-23', 336);
INSERT INTO lw6.`order` (id_order, id_production, id_dealer, id_pharmacy, date, quantity) VALUES (427, 145, 14, 16, '2019-05-02', 723);
INSERT INTO lw6.`order` (id_order, id_production, id_dealer, id_pharmacy, date, quantity) VALUES (428, 2, 77, 10, '2019-06-19', 250);
INSERT INTO lw6.`order` (id_order, id_production, id_dealer, id_pharmacy, date, quantity) VALUES (429, 119, 3, 3, '2019-09-12', 242);
INSERT INTO lw6.`order` (id_order, id_production, id_dealer, id_pharmacy, date, quantity) VALUES (430, 124, 23, 16, '2019-10-27', 951);
INSERT INTO lw6.`order` (id_order, id_production, id_dealer, id_pharmacy, date, quantity) VALUES (431, 96, 76, 23, '2019-05-22', 555);
INSERT INTO lw6.`order` (id_order, id_production, id_dealer, id_pharmacy, date, quantity) VALUES (432, 83, 15, 20, '2019-07-30', 783);
INSERT INTO lw6.`order` (id_order, id_production, id_dealer, id_pharmacy, date, quantity) VALUES (433, 112, 51, 1, '2019-02-28', 158);
INSERT INTO lw6.`order` (id_order, id_production, id_dealer, id_pharmacy, date, quantity) VALUES (434, 122, 77, 17, '2019-11-27', 752);
INSERT INTO lw6.`order` (id_order, id_production, id_dealer, id_pharmacy, date, quantity) VALUES (435, 103, 3, 4, '2019-05-01', 856);
INSERT INTO lw6.`order` (id_order, id_production, id_dealer, id_pharmacy, date, quantity) VALUES (436, 84, 11, 19, '2019-02-28', 813);
INSERT INTO lw6.`order` (id_order, id_production, id_dealer, id_pharmacy, date, quantity) VALUES (437, 81, 14, 19, '2019-01-22', 985);
INSERT INTO lw6.`order` (id_order, id_production, id_dealer, id_pharmacy, date, quantity) VALUES (438, 93, 41, 20, '2019-12-25', 305);
INSERT INTO lw6.`order` (id_order, id_production, id_dealer, id_pharmacy, date, quantity) VALUES (439, 65, 14, 12, '2019-01-16', 474);
INSERT INTO lw6.`order` (id_order, id_production, id_dealer, id_pharmacy, date, quantity) VALUES (440, 67, 15, 9, '2019-10-25', 515);
INSERT INTO lw6.`order` (id_order, id_production, id_dealer, id_pharmacy, date, quantity) VALUES (441, 61, 41, 25, '2019-01-29', 931);
INSERT INTO lw6.`order` (id_order, id_production, id_dealer, id_pharmacy, date, quantity) VALUES (442, 92, 11, 10, '2019-10-27', 911);
INSERT INTO lw6.`order` (id_order, id_production, id_dealer, id_pharmacy, date, quantity) VALUES (443, 89, 14, 25, '2019-05-02', 611);
INSERT INTO lw6.`order` (id_order, id_production, id_dealer, id_pharmacy, date, quantity) VALUES (444, 141, 41, 9, '2019-12-03', 646);
INSERT INTO lw6.`order` (id_order, id_production, id_dealer, id_pharmacy, date, quantity) VALUES (445, 42, 77, 7, '2019-04-08', 675);
INSERT INTO lw6.`order` (id_order, id_production, id_dealer, id_pharmacy, date, quantity) VALUES (446, 151, 3, 5, '2019-02-10', 270);
INSERT INTO lw6.`order` (id_order, id_production, id_dealer, id_pharmacy, date, quantity) VALUES (447, 102, 79, 3, '2019-09-02', 504);
INSERT INTO lw6.`order` (id_order, id_production, id_dealer, id_pharmacy, date, quantity) VALUES (448, 47, 3, 5, '2019-10-01', 956);
INSERT INTO lw6.`order` (id_order, id_production, id_dealer, id_pharmacy, date, quantity) VALUES (449, 113, 45, 15, '2019-04-11', 570);
INSERT INTO lw6.`order` (id_order, id_production, id_dealer, id_pharmacy, date, quantity) VALUES (450, 32, 51, 10, '2019-07-17', 495);
INSERT INTO lw6.`order` (id_order, id_production, id_dealer, id_pharmacy, date, quantity) VALUES (451, 76, 11, 24, '2019-06-10', 432);
INSERT INTO lw6.`order` (id_order, id_production, id_dealer, id_pharmacy, date, quantity) VALUES (452, 124, 55, 1, '2019-07-04', 659);
INSERT INTO lw6.`order` (id_order, id_production, id_dealer, id_pharmacy, date, quantity) VALUES (453, 100, 11, 1, '2019-08-11', 728);
INSERT INTO lw6.`order` (id_order, id_production, id_dealer, id_pharmacy, date, quantity) VALUES (454, 21, 41, 8, '2019-02-09', 820);
INSERT INTO lw6.`order` (id_order, id_production, id_dealer, id_pharmacy, date, quantity) VALUES (455, 81, 14, 5, '2019-09-14', 872);
INSERT INTO lw6.`order` (id_order, id_production, id_dealer, id_pharmacy, date, quantity) VALUES (456, 87, 65, 5, '2019-05-19', 989);
INSERT INTO lw6.`order` (id_order, id_production, id_dealer, id_pharmacy, date, quantity) VALUES (457, 88, 51, 20, '2019-10-28', 328);
INSERT INTO lw6.`order` (id_order, id_production, id_dealer, id_pharmacy, date, quantity) VALUES (458, 29, 41, 1, '2019-08-17', 824);
INSERT INTO lw6.`order` (id_order, id_production, id_dealer, id_pharmacy, date, quantity) VALUES (459, 151, 3, 23, '2019-02-12', 971);
INSERT INTO lw6.`order` (id_order, id_production, id_dealer, id_pharmacy, date, quantity) VALUES (460, 124, 11, 21, '2019-07-28', 773);
INSERT INTO lw6.`order` (id_order, id_production, id_dealer, id_pharmacy, date, quantity) VALUES (461, 70, 79, 8, '2019-08-09', 915);
INSERT INTO lw6.`order` (id_order, id_production, id_dealer, id_pharmacy, date, quantity) VALUES (462, 25, 14, 22, '2019-09-25', 534);
INSERT INTO lw6.`order` (id_order, id_production, id_dealer, id_pharmacy, date, quantity) VALUES (463, 117, 41, 9, '2019-01-20', 311);
INSERT INTO lw6.`order` (id_order, id_production, id_dealer, id_pharmacy, date, quantity) VALUES (464, 137, 14, 4, '2019-09-05', 125);
INSERT INTO lw6.`order` (id_order, id_production, id_dealer, id_pharmacy, date, quantity) VALUES (465, 23, 3, 14, '2019-10-06', 432);
INSERT INTO lw6.`order` (id_order, id_production, id_dealer, id_pharmacy, date, quantity) VALUES (466, 137, 14, 21, '2019-07-27', 370);
INSERT INTO lw6.`order` (id_order, id_production, id_dealer, id_pharmacy, date, quantity) VALUES (467, 129, 14, 17, '2019-03-09', 35);
INSERT INTO lw6.`order` (id_order, id_production, id_dealer, id_pharmacy, date, quantity) VALUES (468, 49, 14, 10, '2019-02-28', 18);
INSERT INTO lw6.`order` (id_order, id_production, id_dealer, id_pharmacy, date, quantity) VALUES (469, 145, 14, 25, '2019-04-30', 693);
INSERT INTO lw6.`order` (id_order, id_production, id_dealer, id_pharmacy, date, quantity) VALUES (470, 141, 41, 17, '2019-12-21', 376);
INSERT INTO lw6.`order` (id_order, id_production, id_dealer, id_pharmacy, date, quantity) VALUES (471, 54, 79, 19, '2019-06-08', 16);
INSERT INTO lw6.`order` (id_order, id_production, id_dealer, id_pharmacy, date, quantity) VALUES (472, 53, 41, 13, '2019-08-01', 982);
INSERT INTO lw6.`order` (id_order, id_production, id_dealer, id_pharmacy, date, quantity) VALUES (473, 42, 77, 14, '2019-12-29', 751);
INSERT INTO lw6.`order` (id_order, id_production, id_dealer, id_pharmacy, date, quantity) VALUES (474, 93, 41, 24, '2019-01-31', 576);
INSERT INTO lw6.`order` (id_order, id_production, id_dealer, id_pharmacy, date, quantity) VALUES (475, 77, 41, 2, '2019-05-26', 114);
INSERT INTO lw6.`order` (id_order, id_production, id_dealer, id_pharmacy, date, quantity) VALUES (476, 98, 9, 21, '2019-05-12', 728);
INSERT INTO lw6.`order` (id_order, id_production, id_dealer, id_pharmacy, date, quantity) VALUES (477, 39, 3, 9, '2019-07-03', 215);
INSERT INTO lw6.`order` (id_order, id_production, id_dealer, id_pharmacy, date, quantity) VALUES (478, 55, 3, 15, '2019-05-17', 449);
INSERT INTO lw6.`order` (id_order, id_production, id_dealer, id_pharmacy, date, quantity) VALUES (479, 75, 15, 11, '2019-07-17', 258);
INSERT INTO lw6.`order` (id_order, id_production, id_dealer, id_pharmacy, date, quantity) VALUES (480, 22, 79, 14, '2019-10-13', 766);
INSERT INTO lw6.`order` (id_order, id_production, id_dealer, id_pharmacy, date, quantity) VALUES (481, 157, 41, 12, '2019-02-01', 844);
INSERT INTO lw6.`order` (id_order, id_production, id_dealer, id_pharmacy, date, quantity) VALUES (482, 138, 77, 3, '2019-12-17', 966);
INSERT INTO lw6.`order` (id_order, id_production, id_dealer, id_pharmacy, date, quantity) VALUES (483, 33, 43, 5, '2019-05-22', 372);
INSERT INTO lw6.`order` (id_order, id_production, id_dealer, id_pharmacy, date, quantity) VALUES (484, 163, 15, 12, '2019-12-22', 500);
INSERT INTO lw6.`order` (id_order, id_production, id_dealer, id_pharmacy, date, quantity) VALUES (485, 95, 3, 25, '2019-03-23', 716);
INSERT INTO lw6.`order` (id_order, id_production, id_dealer, id_pharmacy, date, quantity) VALUES (486, 2, 77, 21, '2019-12-11', 762);
INSERT INTO lw6.`order` (id_order, id_production, id_dealer, id_pharmacy, date, quantity) VALUES (487, 95, 3, 9, '2019-03-29', 768);
INSERT INTO lw6.`order` (id_order, id_production, id_dealer, id_pharmacy, date, quantity) VALUES (488, 145, 14, 15, '2019-10-03', 595);
INSERT INTO lw6.`order` (id_order, id_production, id_dealer, id_pharmacy, date, quantity) VALUES (489, 135, 3, 7, '2019-04-05', 369);
INSERT INTO lw6.`order` (id_order, id_production, id_dealer, id_pharmacy, date, quantity) VALUES (490, 11, 15, 11, '2019-06-30', 33);
INSERT INTO lw6.`order` (id_order, id_production, id_dealer, id_pharmacy, date, quantity) VALUES (491, 152, 51, 8, '2019-03-11', 550);
INSERT INTO lw6.`order` (id_order, id_production, id_dealer, id_pharmacy, date, quantity) VALUES (492, 97, 14, 13, '2019-03-19', 969);
INSERT INTO lw6.`order` (id_order, id_production, id_dealer, id_pharmacy, date, quantity) VALUES (493, 71, 3, 10, '2019-08-25', 448);
INSERT INTO lw6.`order` (id_order, id_production, id_dealer, id_pharmacy, date, quantity) VALUES (494, 16, 51, 17, '2019-12-07', 149);
INSERT INTO lw6.`order` (id_order, id_production, id_dealer, id_pharmacy, date, quantity) VALUES (495, 137, 14, 6, '2019-07-19', 539);
INSERT INTO lw6.`order` (id_order, id_production, id_dealer, id_pharmacy, date, quantity) VALUES (496, 128, 51, 3, '2019-03-11', 716);
INSERT INTO lw6.`order` (id_order, id_production, id_dealer, id_pharmacy, date, quantity) VALUES (497, 40, 51, 15, '2019-01-12', 706);
INSERT INTO lw6.`order` (id_order, id_production, id_dealer, id_pharmacy, date, quantity) VALUES (498, 35, 74, 8, '2019-12-19', 422);
INSERT INTO lw6.`order` (id_order, id_production, id_dealer, id_pharmacy, date, quantity) VALUES (499, 105, 14, 10, '2019-02-17', 962);
INSERT INTO lw6.`order` (id_order, id_production, id_dealer, id_pharmacy, date, quantity) VALUES (500, 42, 18, 9, '2019-06-26', 40);
INSERT INTO lw6.`order` (id_order, id_production, id_dealer, id_pharmacy, date, quantity) VALUES (501, 38, 21, 23, '2019-09-09', 865);
INSERT INTO lw6.`order` (id_order, id_production, id_dealer, id_pharmacy, date, quantity) VALUES (502, 101, 41, 9, '2019-12-26', 847);
INSERT INTO lw6.`order` (id_order, id_production, id_dealer, id_pharmacy, date, quantity) VALUES (503, 82, 77, 23, '2019-10-08', 429);
INSERT INTO lw6.`order` (id_order, id_production, id_dealer, id_pharmacy, date, quantity) VALUES (504, 27, 15, 3, '2019-07-15', 556);
INSERT INTO lw6.`order` (id_order, id_production, id_dealer, id_pharmacy, date, quantity) VALUES (505, 85, 41, 15, '2019-12-21', 266);
INSERT INTO lw6.`order` (id_order, id_production, id_dealer, id_pharmacy, date, quantity) VALUES (506, 155, 15, 9, '2019-03-05', 183);
INSERT INTO lw6.`order` (id_order, id_production, id_dealer, id_pharmacy, date, quantity) VALUES (507, 167, 3, 16, '2019-01-15', 67);
INSERT INTO lw6.`order` (id_order, id_production, id_dealer, id_pharmacy, date, quantity) VALUES (508, 36, 11, 11, '2019-08-23', 622);
INSERT INTO lw6.`order` (id_order, id_production, id_dealer, id_pharmacy, date, quantity) VALUES (509, 55, 3, 8, '2019-06-19', 360);
INSERT INTO lw6.`order` (id_order, id_production, id_dealer, id_pharmacy, date, quantity) VALUES (510, 24, 51, 21, '2019-09-27', 994);
INSERT INTO lw6.`order` (id_order, id_production, id_dealer, id_pharmacy, date, quantity) VALUES (511, 53, 41, 14, '2019-03-12', 225);
INSERT INTO lw6.`order` (id_order, id_production, id_dealer, id_pharmacy, date, quantity) VALUES (512, 75, 15, 6, '2019-12-13', 92);
INSERT INTO lw6.`order` (id_order, id_production, id_dealer, id_pharmacy, date, quantity) VALUES (513, 24, 51, 20, '2019-09-21', 618);
INSERT INTO lw6.`order` (id_order, id_production, id_dealer, id_pharmacy, date, quantity) VALUES (514, 9, 14, 21, '2019-08-26', 49);
INSERT INTO lw6.`order` (id_order, id_production, id_dealer, id_pharmacy, date, quantity) VALUES (515, 10, 77, 1, '2019-04-18', 351);
INSERT INTO lw6.`order` (id_order, id_production, id_dealer, id_pharmacy, date, quantity) VALUES (516, 109, 41, 9, '2019-08-29', 169);
INSERT INTO lw6.`order` (id_order, id_production, id_dealer, id_pharmacy, date, quantity) VALUES (517, 30, 79, 25, '2019-12-09', 699);
INSERT INTO lw6.`order` (id_order, id_production, id_dealer, id_pharmacy, date, quantity) VALUES (518, 36, 11, 5, '2019-04-10', 502);
INSERT INTO lw6.`order` (id_order, id_production, id_dealer, id_pharmacy, date, quantity) VALUES (519, 46, 79, 14, '2019-11-15', 290);
INSERT INTO lw6.`order` (id_order, id_production, id_dealer, id_pharmacy, date, quantity) VALUES (520, 135, 3, 14, '2019-06-14', 687);
INSERT INTO lw6.`order` (id_order, id_production, id_dealer, id_pharmacy, date, quantity) VALUES (521, 119, 3, 2, '2019-11-06', 572);
INSERT INTO lw6.`order` (id_order, id_production, id_dealer, id_pharmacy, date, quantity) VALUES (522, 30, 79, 4, '2019-10-11', 324);
INSERT INTO lw6.`order` (id_order, id_production, id_dealer, id_pharmacy, date, quantity) VALUES (523, 7, 3, 4, '2019-10-01', 471);
INSERT INTO lw6.`order` (id_order, id_production, id_dealer, id_pharmacy, date, quantity) VALUES (524, 84, 11, 9, '2019-06-08', 505);
INSERT INTO lw6.`order` (id_order, id_production, id_dealer, id_pharmacy, date, quantity) VALUES (525, 116, 73, 2, '2019-07-13', 999);
INSERT INTO lw6.`order` (id_order, id_production, id_dealer, id_pharmacy, date, quantity) VALUES (526, 48, 51, 21, '2019-06-09', 777);
INSERT INTO lw6.`order` (id_order, id_production, id_dealer, id_pharmacy, date, quantity) VALUES (527, 11, 15, 24, '2019-06-08', 556);
INSERT INTO lw6.`order` (id_order, id_production, id_dealer, id_pharmacy, date, quantity) VALUES (528, 166, 79, 24, '2019-09-29', 962);
INSERT INTO lw6.`order` (id_order, id_production, id_dealer, id_pharmacy, date, quantity) VALUES (529, 141, 41, 21, '2019-03-20', 993);
INSERT INTO lw6.`order` (id_order, id_production, id_dealer, id_pharmacy, date, quantity) VALUES (530, 45, 41, 3, '2019-11-22', 431);
INSERT INTO lw6.`order` (id_order, id_production, id_dealer, id_pharmacy, date, quantity) VALUES (531, 108, 11, 8, '2019-02-12', 886);
INSERT INTO lw6.`order` (id_order, id_production, id_dealer, id_pharmacy, date, quantity) VALUES (532, 166, 79, 9, '2019-09-07', 593);
INSERT INTO lw6.`order` (id_order, id_production, id_dealer, id_pharmacy, date, quantity) VALUES (533, 163, 15, 17, '2019-11-04', 91);
INSERT INTO lw6.`order` (id_order, id_production, id_dealer, id_pharmacy, date, quantity) VALUES (534, 69, 41, 10, '2019-08-10', 681);
INSERT INTO lw6.`order` (id_order, id_production, id_dealer, id_pharmacy, date, quantity) VALUES (535, 14, 79, 19, '2019-07-20', 524);
INSERT INTO lw6.`order` (id_order, id_production, id_dealer, id_pharmacy, date, quantity) VALUES (536, 161, 14, 17, '2019-11-04', 454);
INSERT INTO lw6.`order` (id_order, id_production, id_dealer, id_pharmacy, date, quantity) VALUES (537, 54, 79, 15, '2019-07-08', 824);
INSERT INTO lw6.`order` (id_order, id_production, id_dealer, id_pharmacy, date, quantity) VALUES (538, 50, 77, 3, '2019-07-26', 409);
INSERT INTO lw6.`order` (id_order, id_production, id_dealer, id_pharmacy, date, quantity) VALUES (539, 59, 15, 8, '2019-05-06', 190);
INSERT INTO lw6.`order` (id_order, id_production, id_dealer, id_pharmacy, date, quantity) VALUES (540, 128, 51, 22, '2019-08-14', 782);
INSERT INTO lw6.`order` (id_order, id_production, id_dealer, id_pharmacy, date, quantity) VALUES (541, 116, 11, 14, '2019-05-12', 266);
INSERT INTO lw6.`order` (id_order, id_production, id_dealer, id_pharmacy, date, quantity) VALUES (542, 155, 15, 25, '2019-03-09', 455);
INSERT INTO lw6.`order` (id_order, id_production, id_dealer, id_pharmacy, date, quantity) VALUES (543, 30, 79, 2, '2019-01-04', 554);
INSERT INTO lw6.`order` (id_order, id_production, id_dealer, id_pharmacy, date, quantity) VALUES (544, 152, 51, 18, '2019-11-28', 68);
INSERT INTO lw6.`order` (id_order, id_production, id_dealer, id_pharmacy, date, quantity) VALUES (545, 82, 77, 15, '2019-02-21', 964);
INSERT INTO lw6.`order` (id_order, id_production, id_dealer, id_pharmacy, date, quantity) VALUES (546, 64, 51, 9, '2019-06-27', 251);
INSERT INTO lw6.`order` (id_order, id_production, id_dealer, id_pharmacy, date, quantity) VALUES (547, 137, 14, 16, '2019-08-18', 287);
INSERT INTO lw6.`order` (id_order, id_production, id_dealer, id_pharmacy, date, quantity) VALUES (548, 70, 79, 7, '2019-01-25', 660);
INSERT INTO lw6.`order` (id_order, id_production, id_dealer, id_pharmacy, date, quantity) VALUES (549, 27, 15, 10, '2019-12-13', 918);
INSERT INTO lw6.`order` (id_order, id_production, id_dealer, id_pharmacy, date, quantity) VALUES (550, 105, 14, 12, '2019-11-01', 213);
INSERT INTO lw6.`order` (id_order, id_production, id_dealer, id_pharmacy, date, quantity) VALUES (551, 81, 14, 21, '2019-03-04', 727);
INSERT INTO lw6.`order` (id_order, id_production, id_dealer, id_pharmacy, date, quantity) VALUES (552, 4, 11, 1, '2019-11-27', 268);
INSERT INTO lw6.`order` (id_order, id_production, id_dealer, id_pharmacy, date, quantity) VALUES (553, 55, 3, 25, '2019-05-12', 774);
INSERT INTO lw6.`order` (id_order, id_production, id_dealer, id_pharmacy, date, quantity) VALUES (554, 67, 15, 8, '2019-03-25', 229);
INSERT INTO lw6.`order` (id_order, id_production, id_dealer, id_pharmacy, date, quantity) VALUES (555, 99, 15, 12, '2019-02-03', 120);
INSERT INTO lw6.`order` (id_order, id_production, id_dealer, id_pharmacy, date, quantity) VALUES (556, 118, 79, 23, '2019-02-17', 376);
INSERT INTO lw6.`order` (id_order, id_production, id_dealer, id_pharmacy, date, quantity) VALUES (557, 86, 79, 3, '2019-01-25', 57);
INSERT INTO lw6.`order` (id_order, id_production, id_dealer, id_pharmacy, date, quantity) VALUES (558, 30, 79, 18, '2019-12-27', 905);
INSERT INTO lw6.`order` (id_order, id_production, id_dealer, id_pharmacy, date, quantity) VALUES (559, 3, 15, 21, '2019-06-03', 682);
INSERT INTO lw6.`order` (id_order, id_production, id_dealer, id_pharmacy, date, quantity) VALUES (560, 9, 14, 19, '2019-06-15', 675);
INSERT INTO lw6.`order` (id_order, id_production, id_dealer, id_pharmacy, date, quantity) VALUES (561, 32, 51, 7, '2019-10-06', 87);
INSERT INTO lw6.`order` (id_order, id_production, id_dealer, id_pharmacy, date, quantity) VALUES (562, 9, 14, 20, '2019-06-10', 516);
INSERT INTO lw6.`order` (id_order, id_production, id_dealer, id_pharmacy, date, quantity) VALUES (563, 91, 15, 5, '2019-03-05', 326);
INSERT INTO lw6.`order` (id_order, id_production, id_dealer, id_pharmacy, date, quantity) VALUES (564, 55, 3, 20, '2019-04-19', 356);
INSERT INTO lw6.`order` (id_order, id_production, id_dealer, id_pharmacy, date, quantity) VALUES (565, 149, 6, 15, '2019-10-19', 632);
INSERT INTO lw6.`order` (id_order, id_production, id_dealer, id_pharmacy, date, quantity) VALUES (566, 21, 41, 10, '2019-04-01', 250);
INSERT INTO lw6.`order` (id_order, id_production, id_dealer, id_pharmacy, date, quantity) VALUES (567, 70, 79, 8, '2019-06-04', 505);
INSERT INTO lw6.`order` (id_order, id_production, id_dealer, id_pharmacy, date, quantity) VALUES (568, 129, 14, 9, '2019-02-11', 760);
INSERT INTO lw6.`order` (id_order, id_production, id_dealer, id_pharmacy, date, quantity) VALUES (569, 97, 14, 19, '2019-08-25', 419);
INSERT INTO lw6.`order` (id_order, id_production, id_dealer, id_pharmacy, date, quantity) VALUES (570, 82, 77, 2, '2019-12-16', 407);
INSERT INTO lw6.`order` (id_order, id_production, id_dealer, id_pharmacy, date, quantity) VALUES (571, 50, 77, 17, '2019-10-25', 289);
INSERT INTO lw6.`order` (id_order, id_production, id_dealer, id_pharmacy, date, quantity) VALUES (572, 3, 15, 19, '2019-01-12', 631);
INSERT INTO lw6.`order` (id_order, id_production, id_dealer, id_pharmacy, date, quantity) VALUES (573, 86, 79, 10, '2019-08-17', 74);
INSERT INTO lw6.`order` (id_order, id_production, id_dealer, id_pharmacy, date, quantity) VALUES (574, 150, 79, 10, '2019-12-17', 762);
INSERT INTO lw6.`order` (id_order, id_production, id_dealer, id_pharmacy, date, quantity) VALUES (575, 74, 77, 14, '2019-12-13', 602);
INSERT INTO lw6.`order` (id_order, id_production, id_dealer, id_pharmacy, date, quantity) VALUES (576, 71, 3, 16, '2019-12-14', 477);
INSERT INTO lw6.`order` (id_order, id_production, id_dealer, id_pharmacy, date, quantity) VALUES (577, 167, 3, 23, '2019-11-13', 475);
INSERT INTO lw6.`order` (id_order, id_production, id_dealer, id_pharmacy, date, quantity) VALUES (578, 136, 51, 19, '2019-01-16', 201);
INSERT INTO lw6.`order` (id_order, id_production, id_dealer, id_pharmacy, date, quantity) VALUES (579, 79, 3, 24, '2019-03-30', 421);
INSERT INTO lw6.`order` (id_order, id_production, id_dealer, id_pharmacy, date, quantity) VALUES (580, 163, 15, 12, '2019-05-22', 486);
INSERT INTO lw6.`order` (id_order, id_production, id_dealer, id_pharmacy, date, quantity) VALUES (581, 71, 3, 21, '2019-06-22', 297);
INSERT INTO lw6.`order` (id_order, id_production, id_dealer, id_pharmacy, date, quantity) VALUES (582, 103, 3, 15, '2019-10-16', 785);
INSERT INTO lw6.`order` (id_order, id_production, id_dealer, id_pharmacy, date, quantity) VALUES (583, 117, 41, 20, '2019-04-30', 902);
INSERT INTO lw6.`order` (id_order, id_production, id_dealer, id_pharmacy, date, quantity) VALUES (584, 25, 14, 19, '2019-07-20', 127);
INSERT INTO lw6.`order` (id_order, id_production, id_dealer, id_pharmacy, date, quantity) VALUES (585, 150, 79, 9, '2019-04-17', 626);
INSERT INTO lw6.`order` (id_order, id_production, id_dealer, id_pharmacy, date, quantity) VALUES (586, 158, 79, 24, '2019-10-29', 702);
INSERT INTO lw6.`order` (id_order, id_production, id_dealer, id_pharmacy, date, quantity) VALUES (587, 155, 15, 24, '2019-07-23', 27);
INSERT INTO lw6.`order` (id_order, id_production, id_dealer, id_pharmacy, date, quantity) VALUES (588, 56, 51, 12, '2019-10-30', 183);
INSERT INTO lw6.`order` (id_order, id_production, id_dealer, id_pharmacy, date, quantity) VALUES (589, 61, 41, 20, '2019-09-25', 412);
INSERT INTO lw6.`order` (id_order, id_production, id_dealer, id_pharmacy, date, quantity) VALUES (590, 37, 41, 12, '2019-02-18', 638);
INSERT INTO lw6.`order` (id_order, id_production, id_dealer, id_pharmacy, date, quantity) VALUES (591, 97, 14, 13, '2019-04-02', 484);
INSERT INTO lw6.`order` (id_order, id_production, id_dealer, id_pharmacy, date, quantity) VALUES (592, 108, 11, 12, '2019-02-25', 418);
INSERT INTO lw6.`order` (id_order, id_production, id_dealer, id_pharmacy, date, quantity) VALUES (593, 15, 65, 10, '2019-01-10', 394);
INSERT INTO lw6.`order` (id_order, id_production, id_dealer, id_pharmacy, date, quantity) VALUES (594, 14, 79, 9, '2019-10-26', 985);
INSERT INTO lw6.`order` (id_order, id_production, id_dealer, id_pharmacy, date, quantity) VALUES (595, 117, 41, 15, '2019-10-11', 777);
INSERT INTO lw6.`order` (id_order, id_production, id_dealer, id_pharmacy, date, quantity) VALUES (596, 98, 53, 23, '2019-04-23', 89);
INSERT INTO lw6.`order` (id_order, id_production, id_dealer, id_pharmacy, date, quantity) VALUES (597, 108, 11, 13, '2019-02-06', 358);
INSERT INTO lw6.`order` (id_order, id_production, id_dealer, id_pharmacy, date, quantity) VALUES (598, 142, 79, 19, '2019-07-29', 892);
INSERT INTO lw6.`order` (id_order, id_production, id_dealer, id_pharmacy, date, quantity) VALUES (599, 142, 79, 2, '2019-03-19', 822);
INSERT INTO lw6.`order` (id_order, id_production, id_dealer, id_pharmacy, date, quantity) VALUES (600, 42, 77, 23, '2019-04-14', 166);
INSERT INTO lw6.`order` (id_order, id_production, id_dealer, id_pharmacy, date, quantity) VALUES (601, 167, 3, 21, '2019-05-24', 80);
INSERT INTO lw6.`order` (id_order, id_production, id_dealer, id_pharmacy, date, quantity) VALUES (602, 40, 4, 22, '2019-09-10', 50);
INSERT INTO lw6.`order` (id_order, id_production, id_dealer, id_pharmacy, date, quantity) VALUES (603, 82, 77, 5, '2019-05-21', 221);
INSERT INTO lw6.`order` (id_order, id_production, id_dealer, id_pharmacy, date, quantity) VALUES (604, 135, 3, 16, '2019-03-12', 761);
INSERT INTO lw6.`order` (id_order, id_production, id_dealer, id_pharmacy, date, quantity) VALUES (605, 126, 79, 14, '2019-06-21', 182);
INSERT INTO lw6.`order` (id_order, id_production, id_dealer, id_pharmacy, date, quantity) VALUES (606, 3, 15, 4, '2019-02-21', 956);
INSERT INTO lw6.`order` (id_order, id_production, id_dealer, id_pharmacy, date, quantity) VALUES (607, 101, 41, 13, '2019-08-17', 792);
INSERT INTO lw6.`order` (id_order, id_production, id_dealer, id_pharmacy, date, quantity) VALUES (608, 86, 79, 17, '2019-01-09', 638);
INSERT INTO lw6.`order` (id_order, id_production, id_dealer, id_pharmacy, date, quantity) VALUES (609, 40, 51, 4, '2019-09-26', 523);
INSERT INTO lw6.`order` (id_order, id_production, id_dealer, id_pharmacy, date, quantity) VALUES (610, 116, 33, 13, '2019-12-22', 56);
INSERT INTO lw6.`order` (id_order, id_production, id_dealer, id_pharmacy, date, quantity) VALUES (611, 21, 41, 3, '2019-02-25', 771);
INSERT INTO lw6.`order` (id_order, id_production, id_dealer, id_pharmacy, date, quantity) VALUES (612, 46, 79, 18, '2019-08-28', 683);
INSERT INTO lw6.`order` (id_order, id_production, id_dealer, id_pharmacy, date, quantity) VALUES (613, 106, 77, 19, '2019-01-26', 231);
INSERT INTO lw6.`order` (id_order, id_production, id_dealer, id_pharmacy, date, quantity) VALUES (614, 1, 14, 22, '2019-02-26', 79);
INSERT INTO lw6.`order` (id_order, id_production, id_dealer, id_pharmacy, date, quantity) VALUES (615, 157, 41, 22, '2019-06-23', 81);
INSERT INTO lw6.`order` (id_order, id_production, id_dealer, id_pharmacy, date, quantity) VALUES (616, 64, 51, 12, '2019-03-08', 914);
INSERT INTO lw6.`order` (id_order, id_production, id_dealer, id_pharmacy, date, quantity) VALUES (617, 79, 3, 14, '2019-12-31', 317);
INSERT INTO lw6.`order` (id_order, id_production, id_dealer, id_pharmacy, date, quantity) VALUES (618, 103, 3, 15, '2019-05-28', 781);
INSERT INTO lw6.`order` (id_order, id_production, id_dealer, id_pharmacy, date, quantity) VALUES (619, 84, 11, 19, '2019-06-29', 201);
INSERT INTO lw6.`order` (id_order, id_production, id_dealer, id_pharmacy, date, quantity) VALUES (620, 134, 79, 3, '2019-07-24', 520);
INSERT INTO lw6.`order` (id_order, id_production, id_dealer, id_pharmacy, date, quantity) VALUES (621, 112, 51, 11, '2019-02-01', 805);
INSERT INTO lw6.`order` (id_order, id_production, id_dealer, id_pharmacy, date, quantity) VALUES (622, 35, 5, 10, '2019-09-11', 927);
INSERT INTO lw6.`order` (id_order, id_production, id_dealer, id_pharmacy, date, quantity) VALUES (623, 20, 11, 9, '2019-04-28', 698);
INSERT INTO lw6.`order` (id_order, id_production, id_dealer, id_pharmacy, date, quantity) VALUES (624, 150, 79, 9, '2019-09-03', 623);
INSERT INTO lw6.`order` (id_order, id_production, id_dealer, id_pharmacy, date, quantity) VALUES (625, 75, 15, 4, '2019-05-25', 402);
INSERT INTO lw6.`order` (id_order, id_production, id_dealer, id_pharmacy, date, quantity) VALUES (626, 20, 11, 23, '2019-02-15', 491);
INSERT INTO lw6.`order` (id_order, id_production, id_dealer, id_pharmacy, date, quantity) VALUES (627, 23, 3, 10, '2019-03-10', 551);
INSERT INTO lw6.`order` (id_order, id_production, id_dealer, id_pharmacy, date, quantity) VALUES (628, 135, 3, 7, '2019-08-02', 572);
INSERT INTO lw6.`order` (id_order, id_production, id_dealer, id_pharmacy, date, quantity) VALUES (629, 14, 79, 17, '2019-08-11', 275);
INSERT INTO lw6.`order` (id_order, id_production, id_dealer, id_pharmacy, date, quantity) VALUES (630, 18, 77, 24, '2019-01-15', 843);
INSERT INTO lw6.`order` (id_order, id_production, id_dealer, id_pharmacy, date, quantity) VALUES (631, 100, 73, 2, '2019-02-10', 601);
INSERT INTO lw6.`order` (id_order, id_production, id_dealer, id_pharmacy, date, quantity) VALUES (632, 149, 41, 23, '2019-08-14', 231);
INSERT INTO lw6.`order` (id_order, id_production, id_dealer, id_pharmacy, date, quantity) VALUES (633, 22, 79, 7, '2019-06-15', 231);
INSERT INTO lw6.`order` (id_order, id_production, id_dealer, id_pharmacy, date, quantity) VALUES (634, 135, 3, 15, '2019-02-17', 343);
INSERT INTO lw6.`order` (id_order, id_production, id_dealer, id_pharmacy, date, quantity) VALUES (635, 152, 51, 21, '2019-09-29', 31);
INSERT INTO lw6.`order` (id_order, id_production, id_dealer, id_pharmacy, date, quantity) VALUES (636, 15, 3, 5, '2019-06-07', 972);
INSERT INTO lw6.`order` (id_order, id_production, id_dealer, id_pharmacy, date, quantity) VALUES (637, 165, 41, 16, '2019-01-07', 232);
INSERT INTO lw6.`order` (id_order, id_production, id_dealer, id_pharmacy, date, quantity) VALUES (638, 118, 79, 5, '2019-04-08', 541);
INSERT INTO lw6.`order` (id_order, id_production, id_dealer, id_pharmacy, date, quantity) VALUES (639, 115, 15, 10, '2019-06-04', 792);
INSERT INTO lw6.`order` (id_order, id_production, id_dealer, id_pharmacy, date, quantity) VALUES (640, 132, 11, 1, '2019-08-11', 848);
INSERT INTO lw6.`order` (id_order, id_production, id_dealer, id_pharmacy, date, quantity) VALUES (641, 78, 79, 22, '2019-08-01', 190);
INSERT INTO lw6.`order` (id_order, id_production, id_dealer, id_pharmacy, date, quantity) VALUES (642, 163, 74, 15, '2019-10-13', 390);
INSERT INTO lw6.`order` (id_order, id_production, id_dealer, id_pharmacy, date, quantity) VALUES (643, 67, 15, 7, '2019-11-15', 379);
INSERT INTO lw6.`order` (id_order, id_production, id_dealer, id_pharmacy, date, quantity) VALUES (644, 93, 41, 12, '2019-04-09', 298);
INSERT INTO lw6.`order` (id_order, id_production, id_dealer, id_pharmacy, date, quantity) VALUES (645, 127, 3, 10, '2019-07-26', 607);
INSERT INTO lw6.`order` (id_order, id_production, id_dealer, id_pharmacy, date, quantity) VALUES (646, 90, 77, 14, '2019-11-01', 693);
INSERT INTO lw6.`order` (id_order, id_production, id_dealer, id_pharmacy, date, quantity) VALUES (647, 15, 3, 2, '2019-11-28', 414);
INSERT INTO lw6.`order` (id_order, id_production, id_dealer, id_pharmacy, date, quantity) VALUES (648, 140, 11, 14, '2019-04-12', 360);
INSERT INTO lw6.`order` (id_order, id_production, id_dealer, id_pharmacy, date, quantity) VALUES (649, 92, 11, 20, '2019-03-25', 640);
INSERT INTO lw6.`order` (id_order, id_production, id_dealer, id_pharmacy, date, quantity) VALUES (650, 48, 51, 6, '2019-11-28', 454);
INSERT INTO lw6.`order` (id_order, id_production, id_dealer, id_pharmacy, date, quantity) VALUES (651, 56, 51, 9, '2019-04-06', 77);
INSERT INTO lw6.`order` (id_order, id_production, id_dealer, id_pharmacy, date, quantity) VALUES (652, 98, 77, 10, '2019-05-27', 752);
INSERT INTO lw6.`order` (id_order, id_production, id_dealer, id_pharmacy, date, quantity) VALUES (653, 147, 10, 25, '2019-07-12', 989);
INSERT INTO lw6.`order` (id_order, id_production, id_dealer, id_pharmacy, date, quantity) VALUES (654, 62, 79, 4, '2019-05-09', 556);
INSERT INTO lw6.`order` (id_order, id_production, id_dealer, id_pharmacy, date, quantity) VALUES (655, 8, 51, 10, '2019-12-30', 417);
INSERT INTO lw6.`order` (id_order, id_production, id_dealer, id_pharmacy, date, quantity) VALUES (656, 157, 41, 14, '2019-06-09', 232);
INSERT INTO lw6.`order` (id_order, id_production, id_dealer, id_pharmacy, date, quantity) VALUES (657, 39, 3, 6, '2019-11-18', 380);
INSERT INTO lw6.`order` (id_order, id_production, id_dealer, id_pharmacy, date, quantity) VALUES (658, 135, 3, 13, '2019-08-12', 739);
INSERT INTO lw6.`order` (id_order, id_production, id_dealer, id_pharmacy, date, quantity) VALUES (659, 72, 51, 16, '2019-12-17', 164);
INSERT INTO lw6.`order` (id_order, id_production, id_dealer, id_pharmacy, date, quantity) VALUES (660, 78, 79, 9, '2019-07-04', 1000);
INSERT INTO lw6.`order` (id_order, id_production, id_dealer, id_pharmacy, date, quantity) VALUES (661, 44, 11, 23, '2019-09-15', 459);
INSERT INTO lw6.`order` (id_order, id_production, id_dealer, id_pharmacy, date, quantity) VALUES (662, 41, 14, 1, '2019-01-19', 482);
INSERT INTO lw6.`order` (id_order, id_production, id_dealer, id_pharmacy, date, quantity) VALUES (663, 90, 77, 15, '2019-07-11', 991);
INSERT INTO lw6.`order` (id_order, id_production, id_dealer, id_pharmacy, date, quantity) VALUES (664, 92, 11, 14, '2019-10-05', 263);
INSERT INTO lw6.`order` (id_order, id_production, id_dealer, id_pharmacy, date, quantity) VALUES (665, 43, 15, 23, '2019-06-19', 396);
INSERT INTO lw6.`order` (id_order, id_production, id_dealer, id_pharmacy, date, quantity) VALUES (666, 30, 79, 2, '2019-09-13', 996);
INSERT INTO lw6.`order` (id_order, id_production, id_dealer, id_pharmacy, date, quantity) VALUES (667, 167, 3, 13, '2019-04-03', 461);
INSERT INTO lw6.`order` (id_order, id_production, id_dealer, id_pharmacy, date, quantity) VALUES (668, 109, 41, 24, '2019-10-02', 542);
INSERT INTO lw6.`order` (id_order, id_production, id_dealer, id_pharmacy, date, quantity) VALUES (669, 49, 14, 7, '2019-12-25', 968);
INSERT INTO lw6.`order` (id_order, id_production, id_dealer, id_pharmacy, date, quantity) VALUES (670, 137, 43, 14, '2019-05-16', 39);
INSERT INTO lw6.`order` (id_order, id_production, id_dealer, id_pharmacy, date, quantity) VALUES (671, 12, 11, 4, '2019-07-18', 835);
INSERT INTO lw6.`order` (id_order, id_production, id_dealer, id_pharmacy, date, quantity) VALUES (672, 103, 3, 18, '2019-06-08', 327);
INSERT INTO lw6.`order` (id_order, id_production, id_dealer, id_pharmacy, date, quantity) VALUES (673, 21, 41, 7, '2019-06-29', 803);
INSERT INTO lw6.`order` (id_order, id_production, id_dealer, id_pharmacy, date, quantity) VALUES (674, 158, 79, 12, '2019-08-03', 572);
INSERT INTO lw6.`order` (id_order, id_production, id_dealer, id_pharmacy, date, quantity) VALUES (675, 81, 14, 2, '2019-03-06', 425);
INSERT INTO lw6.`order` (id_order, id_production, id_dealer, id_pharmacy, date, quantity) VALUES (676, 165, 41, 17, '2019-07-27', 110);
INSERT INTO lw6.`order` (id_order, id_production, id_dealer, id_pharmacy, date, quantity) VALUES (677, 106, 77, 17, '2019-01-25', 946);
INSERT INTO lw6.`order` (id_order, id_production, id_dealer, id_pharmacy, date, quantity) VALUES (678, 87, 3, 3, '2019-08-07', 36);
INSERT INTO lw6.`order` (id_order, id_production, id_dealer, id_pharmacy, date, quantity) VALUES (679, 83, 15, 8, '2019-05-04', 401);
INSERT INTO lw6.`order` (id_order, id_production, id_dealer, id_pharmacy, date, quantity) VALUES (680, 61, 41, 18, '2019-01-04', 642);
INSERT INTO lw6.`order` (id_order, id_production, id_dealer, id_pharmacy, date, quantity) VALUES (681, 14, 58, 2, '2019-04-06', 122);
INSERT INTO lw6.`order` (id_order, id_production, id_dealer, id_pharmacy, date, quantity) VALUES (682, 22, 79, 17, '2019-09-04', 855);
INSERT INTO lw6.`order` (id_order, id_production, id_dealer, id_pharmacy, date, quantity) VALUES (683, 105, 14, 4, '2019-03-13', 69);
INSERT INTO lw6.`order` (id_order, id_production, id_dealer, id_pharmacy, date, quantity) VALUES (684, 167, 3, 5, '2019-06-11', 56);
INSERT INTO lw6.`order` (id_order, id_production, id_dealer, id_pharmacy, date, quantity) VALUES (685, 161, 14, 12, '2019-03-31', 325);
INSERT INTO lw6.`order` (id_order, id_production, id_dealer, id_pharmacy, date, quantity) VALUES (686, 141, 41, 15, '2019-03-30', 608);
INSERT INTO lw6.`order` (id_order, id_production, id_dealer, id_pharmacy, date, quantity) VALUES (687, 63, 3, 1, '2019-04-22', 368);
INSERT INTO lw6.`order` (id_order, id_production, id_dealer, id_pharmacy, date, quantity) VALUES (688, 26, 77, 4, '2019-06-13', 473);
INSERT INTO lw6.`order` (id_order, id_production, id_dealer, id_pharmacy, date, quantity) VALUES (689, 44, 11, 20, '2019-06-19', 986);
INSERT INTO lw6.`order` (id_order, id_production, id_dealer, id_pharmacy, date, quantity) VALUES (690, 30, 79, 20, '2019-11-20', 381);
INSERT INTO lw6.`order` (id_order, id_production, id_dealer, id_pharmacy, date, quantity) VALUES (691, 157, 41, 12, '2019-01-20', 810);
INSERT INTO lw6.`order` (id_order, id_production, id_dealer, id_pharmacy, date, quantity) VALUES (692, 5, 41, 13, '2019-09-04', 710);
INSERT INTO lw6.`order` (id_order, id_production, id_dealer, id_pharmacy, date, quantity) VALUES (693, 63, 3, 23, '2019-07-05', 69);
INSERT INTO lw6.`order` (id_order, id_production, id_dealer, id_pharmacy, date, quantity) VALUES (694, 65, 14, 18, '2019-10-20', 750);
INSERT INTO lw6.`order` (id_order, id_production, id_dealer, id_pharmacy, date, quantity) VALUES (695, 88, 51, 14, '2019-06-18', 792);
INSERT INTO lw6.`order` (id_order, id_production, id_dealer, id_pharmacy, date, quantity) VALUES (696, 67, 15, 5, '2019-04-26', 774);
INSERT INTO lw6.`order` (id_order, id_production, id_dealer, id_pharmacy, date, quantity) VALUES (697, 139, 15, 24, '2019-08-25', 669);
INSERT INTO lw6.`order` (id_order, id_production, id_dealer, id_pharmacy, date, quantity) VALUES (698, 81, 17, 5, '2019-03-28', 537);
INSERT INTO lw6.`order` (id_order, id_production, id_dealer, id_pharmacy, date, quantity) VALUES (699, 117, 41, 2, '2019-10-16', 478);
INSERT INTO lw6.`order` (id_order, id_production, id_dealer, id_pharmacy, date, quantity) VALUES (700, 67, 15, 22, '2019-02-27', 356);
INSERT INTO lw6.`order` (id_order, id_production, id_dealer, id_pharmacy, date, quantity) VALUES (701, 30, 79, 24, '2019-01-31', 622);
INSERT INTO lw6.`order` (id_order, id_production, id_dealer, id_pharmacy, date, quantity) VALUES (702, 90, 77, 15, '2019-03-02', 857);
INSERT INTO lw6.`order` (id_order, id_production, id_dealer, id_pharmacy, date, quantity) VALUES (703, 9, 14, 3, '2019-12-05', 55);
INSERT INTO lw6.`order` (id_order, id_production, id_dealer, id_pharmacy, date, quantity) VALUES (704, 65, 14, 11, '2019-05-22', 336);
INSERT INTO lw6.`order` (id_order, id_production, id_dealer, id_pharmacy, date, quantity) VALUES (705, 36, 73, 5, '2019-03-26', 583);
INSERT INTO lw6.`order` (id_order, id_production, id_dealer, id_pharmacy, date, quantity) VALUES (706, 88, 51, 10, '2019-06-16', 23);
INSERT INTO lw6.`order` (id_order, id_production, id_dealer, id_pharmacy, date, quantity) VALUES (707, 157, 41, 11, '2019-12-18', 895);
INSERT INTO lw6.`order` (id_order, id_production, id_dealer, id_pharmacy, date, quantity) VALUES (708, 42, 77, 17, '2019-05-11', 725);
INSERT INTO lw6.`order` (id_order, id_production, id_dealer, id_pharmacy, date, quantity) VALUES (709, 24, 51, 9, '2019-08-03', 790);
INSERT INTO lw6.`order` (id_order, id_production, id_dealer, id_pharmacy, date, quantity) VALUES (710, 149, 41, 22, '2019-03-10', 484);
INSERT INTO lw6.`order` (id_order, id_production, id_dealer, id_pharmacy, date, quantity) VALUES (711, 10, 77, 25, '2019-03-27', 603);
INSERT INTO lw6.`order` (id_order, id_production, id_dealer, id_pharmacy, date, quantity) VALUES (712, 103, 3, 20, '2019-08-16', 808);
INSERT INTO lw6.`order` (id_order, id_production, id_dealer, id_pharmacy, date, quantity) VALUES (713, 55, 3, 19, '2019-09-23', 24);
INSERT INTO lw6.`order` (id_order, id_production, id_dealer, id_pharmacy, date, quantity) VALUES (714, 47, 3, 17, '2019-09-30', 989);
INSERT INTO lw6.`order` (id_order, id_production, id_dealer, id_pharmacy, date, quantity) VALUES (715, 97, 17, 10, '2019-02-27', 834);
INSERT INTO lw6.`order` (id_order, id_production, id_dealer, id_pharmacy, date, quantity) VALUES (716, 95, 3, 18, '2019-06-06', 317);
INSERT INTO lw6.`order` (id_order, id_production, id_dealer, id_pharmacy, date, quantity) VALUES (717, 18, 77, 19, '2019-08-26', 961);
INSERT INTO lw6.`order` (id_order, id_production, id_dealer, id_pharmacy, date, quantity) VALUES (718, 105, 14, 25, '2019-10-07', 916);
INSERT INTO lw6.`order` (id_order, id_production, id_dealer, id_pharmacy, date, quantity) VALUES (719, 76, 11, 23, '2019-08-28', 245);
INSERT INTO lw6.`order` (id_order, id_production, id_dealer, id_pharmacy, date, quantity) VALUES (720, 167, 7, 5, '2019-09-12', 266);
INSERT INTO lw6.`order` (id_order, id_production, id_dealer, id_pharmacy, date, quantity) VALUES (721, 73, 14, 10, '2019-09-24', 646);
INSERT INTO lw6.`order` (id_order, id_production, id_dealer, id_pharmacy, date, quantity) VALUES (722, 1, 14, 8, '2019-03-28', 740);
INSERT INTO lw6.`order` (id_order, id_production, id_dealer, id_pharmacy, date, quantity) VALUES (723, 67, 15, 25, '2019-03-15', 21);
INSERT INTO lw6.`order` (id_order, id_production, id_dealer, id_pharmacy, date, quantity) VALUES (724, 4, 11, 21, '2019-07-17', 565);
INSERT INTO lw6.`order` (id_order, id_production, id_dealer, id_pharmacy, date, quantity) VALUES (725, 148, 11, 13, '2019-03-05', 103);
INSERT INTO lw6.`order` (id_order, id_production, id_dealer, id_pharmacy, date, quantity) VALUES (726, 114, 77, 11, '2019-11-03', 763);
INSERT INTO lw6.`order` (id_order, id_production, id_dealer, id_pharmacy, date, quantity) VALUES (727, 159, 3, 21, '2019-06-27', 796);
INSERT INTO lw6.`order` (id_order, id_production, id_dealer, id_pharmacy, date, quantity) VALUES (728, 68, 11, 1, '2019-02-03', 120);
INSERT INTO lw6.`order` (id_order, id_production, id_dealer, id_pharmacy, date, quantity) VALUES (729, 60, 11, 11, '2019-01-22', 828);
INSERT INTO lw6.`order` (id_order, id_production, id_dealer, id_pharmacy, date, quantity) VALUES (730, 98, 9, 21, '2019-07-20', 805);
INSERT INTO lw6.`order` (id_order, id_production, id_dealer, id_pharmacy, date, quantity) VALUES (731, 52, 11, 6, '2019-05-25', 117);
INSERT INTO lw6.`order` (id_order, id_production, id_dealer, id_pharmacy, date, quantity) VALUES (732, 100, 11, 1, '2019-10-23', 259);
INSERT INTO lw6.`order` (id_order, id_production, id_dealer, id_pharmacy, date, quantity) VALUES (733, 39, 3, 4, '2019-01-11', 897);
INSERT INTO lw6.`order` (id_order, id_production, id_dealer, id_pharmacy, date, quantity) VALUES (734, 2, 77, 8, '2019-07-06', 567);
INSERT INTO lw6.`order` (id_order, id_production, id_dealer, id_pharmacy, date, quantity) VALUES (735, 64, 51, 23, '2019-11-10', 218);
INSERT INTO lw6.`order` (id_order, id_production, id_dealer, id_pharmacy, date, quantity) VALUES (736, 131, 15, 21, '2019-11-10', 526);
INSERT INTO lw6.`order` (id_order, id_production, id_dealer, id_pharmacy, date, quantity) VALUES (737, 92, 11, 10, '2019-05-19', 873);
INSERT INTO lw6.`order` (id_order, id_production, id_dealer, id_pharmacy, date, quantity) VALUES (738, 60, 11, 9, '2019-06-13', 294);
INSERT INTO lw6.`order` (id_order, id_production, id_dealer, id_pharmacy, date, quantity) VALUES (739, 89, 14, 1, '2019-12-07', 163);
INSERT INTO lw6.`order` (id_order, id_production, id_dealer, id_pharmacy, date, quantity) VALUES (740, 84, 11, 13, '2019-05-07', 633);
INSERT INTO lw6.`order` (id_order, id_production, id_dealer, id_pharmacy, date, quantity) VALUES (741, 110, 79, 5, '2019-01-12', 824);
INSERT INTO lw6.`order` (id_order, id_production, id_dealer, id_pharmacy, date, quantity) VALUES (742, 106, 77, 25, '2019-06-23', 976);
INSERT INTO lw6.`order` (id_order, id_production, id_dealer, id_pharmacy, date, quantity) VALUES (743, 110, 79, 4, '2019-03-16', 763);
INSERT INTO lw6.`order` (id_order, id_production, id_dealer, id_pharmacy, date, quantity) VALUES (744, 34, 77, 20, '2019-03-22', 258);
INSERT INTO lw6.`order` (id_order, id_production, id_dealer, id_pharmacy, date, quantity) VALUES (745, 136, 4, 16, '2019-02-01', 157);
INSERT INTO lw6.`order` (id_order, id_production, id_dealer, id_pharmacy, date, quantity) VALUES (746, 108, 11, 21, '2019-04-22', 877);
INSERT INTO lw6.`order` (id_order, id_production, id_dealer, id_pharmacy, date, quantity) VALUES (747, 84, 11, 24, '2019-07-12', 566);
INSERT INTO lw6.`order` (id_order, id_production, id_dealer, id_pharmacy, date, quantity) VALUES (748, 107, 15, 25, '2019-12-27', 597);
INSERT INTO lw6.`order` (id_order, id_production, id_dealer, id_pharmacy, date, quantity) VALUES (749, 94, 79, 16, '2019-06-30', 118);
INSERT INTO lw6.`order` (id_order, id_production, id_dealer, id_pharmacy, date, quantity) VALUES (750, 71, 3, 2, '2019-11-22', 177);
INSERT INTO lw6.`order` (id_order, id_production, id_dealer, id_pharmacy, date, quantity) VALUES (751, 39, 3, 1, '2019-07-19', 594);
INSERT INTO lw6.`order` (id_order, id_production, id_dealer, id_pharmacy, date, quantity) VALUES (752, 53, 41, 25, '2019-06-05', 730);
INSERT INTO lw6.`order` (id_order, id_production, id_dealer, id_pharmacy, date, quantity) VALUES (753, 54, 79, 7, '2019-08-15', 61);
INSERT INTO lw6.`order` (id_order, id_production, id_dealer, id_pharmacy, date, quantity) VALUES (754, 145, 14, 3, '2019-08-26', 483);
INSERT INTO lw6.`order` (id_order, id_production, id_dealer, id_pharmacy, date, quantity) VALUES (755, 123, 15, 11, '2019-08-29', 842);
INSERT INTO lw6.`order` (id_order, id_production, id_dealer, id_pharmacy, date, quantity) VALUES (756, 100, 11, 6, '2019-09-01', 878);
INSERT INTO lw6.`order` (id_order, id_production, id_dealer, id_pharmacy, date, quantity) VALUES (757, 75, 25, 21, '2019-05-23', 736);
INSERT INTO lw6.`order` (id_order, id_production, id_dealer, id_pharmacy, date, quantity) VALUES (758, 40, 29, 16, '2019-11-30', 959);
INSERT INTO lw6.`order` (id_order, id_production, id_dealer, id_pharmacy, date, quantity) VALUES (759, 21, 41, 6, '2019-04-09', 811);
INSERT INTO lw6.`order` (id_order, id_production, id_dealer, id_pharmacy, date, quantity) VALUES (760, 150, 79, 4, '2019-06-04', 284);
INSERT INTO lw6.`order` (id_order, id_production, id_dealer, id_pharmacy, date, quantity) VALUES (761, 118, 79, 3, '2019-03-16', 187);
INSERT INTO lw6.`order` (id_order, id_production, id_dealer, id_pharmacy, date, quantity) VALUES (762, 48, 51, 10, '2019-04-21', 74);
INSERT INTO lw6.`order` (id_order, id_production, id_dealer, id_pharmacy, date, quantity) VALUES (763, 104, 51, 8, '2019-09-26', 690);
INSERT INTO lw6.`order` (id_order, id_production, id_dealer, id_pharmacy, date, quantity) VALUES (764, 15, 3, 19, '2019-04-24', 148);
INSERT INTO lw6.`order` (id_order, id_production, id_dealer, id_pharmacy, date, quantity) VALUES (765, 31, 3, 1, '2019-06-23', 66);
INSERT INTO lw6.`order` (id_order, id_production, id_dealer, id_pharmacy, date, quantity) VALUES (766, 57, 14, 14, '2019-07-27', 271);
INSERT INTO lw6.`order` (id_order, id_production, id_dealer, id_pharmacy, date, quantity) VALUES (767, 39, 3, 21, '2019-08-23', 129);
INSERT INTO lw6.`order` (id_order, id_production, id_dealer, id_pharmacy, date, quantity) VALUES (768, 31, 3, 4, '2019-11-05', 467);
INSERT INTO lw6.`order` (id_order, id_production, id_dealer, id_pharmacy, date, quantity) VALUES (769, 146, 77, 15, '2019-01-13', 781);
INSERT INTO lw6.`order` (id_order, id_production, id_dealer, id_pharmacy, date, quantity) VALUES (770, 107, 15, 24, '2019-06-18', 713);
INSERT INTO lw6.`order` (id_order, id_production, id_dealer, id_pharmacy, date, quantity) VALUES (771, 118, 79, 12, '2019-05-10', 39);
INSERT INTO lw6.`order` (id_order, id_production, id_dealer, id_pharmacy, date, quantity) VALUES (772, 21, 41, 8, '2019-10-03', 334);
INSERT INTO lw6.`order` (id_order, id_production, id_dealer, id_pharmacy, date, quantity) VALUES (773, 79, 3, 18, '2019-12-20', 826);
INSERT INTO lw6.`order` (id_order, id_production, id_dealer, id_pharmacy, date, quantity) VALUES (774, 73, 17, 3, '2019-09-21', 166);
INSERT INTO lw6.`order` (id_order, id_production, id_dealer, id_pharmacy, date, quantity) VALUES (775, 73, 14, 21, '2019-09-03', 475);
INSERT INTO lw6.`order` (id_order, id_production, id_dealer, id_pharmacy, date, quantity) VALUES (776, 87, 3, 14, '2019-01-25', 833);
INSERT INTO lw6.`order` (id_order, id_production, id_dealer, id_pharmacy, date, quantity) VALUES (777, 105, 14, 22, '2019-07-25', 137);
INSERT INTO lw6.`order` (id_order, id_production, id_dealer, id_pharmacy, date, quantity) VALUES (778, 29, 41, 18, '2019-04-12', 295);
INSERT INTO lw6.`order` (id_order, id_production, id_dealer, id_pharmacy, date, quantity) VALUES (779, 134, 79, 16, '2019-03-05', 988);
INSERT INTO lw6.`order` (id_order, id_production, id_dealer, id_pharmacy, date, quantity) VALUES (780, 89, 14, 21, '2019-03-20', 408);
INSERT INTO lw6.`order` (id_order, id_production, id_dealer, id_pharmacy, date, quantity) VALUES (781, 125, 41, 4, '2019-03-14', 632);
INSERT INTO lw6.`order` (id_order, id_production, id_dealer, id_pharmacy, date, quantity) VALUES (782, 46, 79, 10, '2019-08-19', 817);
INSERT INTO lw6.`order` (id_order, id_production, id_dealer, id_pharmacy, date, quantity) VALUES (783, 50, 77, 10, '2019-12-18', 74);
INSERT INTO lw6.`order` (id_order, id_production, id_dealer, id_pharmacy, date, quantity) VALUES (784, 110, 79, 5, '2019-01-30', 992);
INSERT INTO lw6.`order` (id_order, id_production, id_dealer, id_pharmacy, date, quantity) VALUES (785, 22, 79, 13, '2019-09-18', 749);
INSERT INTO lw6.`order` (id_order, id_production, id_dealer, id_pharmacy, date, quantity) VALUES (786, 168, 51, 16, '2019-10-02', 855);
INSERT INTO lw6.`order` (id_order, id_production, id_dealer, id_pharmacy, date, quantity) VALUES (787, 48, 51, 6, '2019-10-05', 240);
INSERT INTO lw6.`order` (id_order, id_production, id_dealer, id_pharmacy, date, quantity) VALUES (788, 28, 11, 10, '2019-03-05', 767);
INSERT INTO lw6.`order` (id_order, id_production, id_dealer, id_pharmacy, date, quantity) VALUES (789, 160, 51, 24, '2019-07-02', 122);
INSERT INTO lw6.`order` (id_order, id_production, id_dealer, id_pharmacy, date, quantity) VALUES (790, 100, 11, 17, '2019-12-16', 654);
INSERT INTO lw6.`order` (id_order, id_production, id_dealer, id_pharmacy, date, quantity) VALUES (791, 78, 79, 8, '2019-11-01', 689);
INSERT INTO lw6.`order` (id_order, id_production, id_dealer, id_pharmacy, date, quantity) VALUES (792, 11, 15, 14, '2019-08-20', 789);
INSERT INTO lw6.`order` (id_order, id_production, id_dealer, id_pharmacy, date, quantity) VALUES (793, 153, 14, 22, '2019-05-23', 969);
INSERT INTO lw6.`order` (id_order, id_production, id_dealer, id_pharmacy, date, quantity) VALUES (794, 105, 14, 15, '2019-11-05', 722);
INSERT INTO lw6.`order` (id_order, id_production, id_dealer, id_pharmacy, date, quantity) VALUES (795, 95, 3, 20, '2019-11-26', 334);
INSERT INTO lw6.`order` (id_order, id_production, id_dealer, id_pharmacy, date, quantity) VALUES (796, 68, 11, 1, '2019-08-25', 972);
INSERT INTO lw6.`order` (id_order, id_production, id_dealer, id_pharmacy, date, quantity) VALUES (797, 34, 77, 12, '2019-06-09', 715);
INSERT INTO lw6.`order` (id_order, id_production, id_dealer, id_pharmacy, date, quantity) VALUES (798, 113, 14, 16, '2019-03-15', 409);
INSERT INTO lw6.`order` (id_order, id_production, id_dealer, id_pharmacy, date, quantity) VALUES (799, 48, 51, 11, '2019-05-07', 262);
INSERT INTO lw6.`order` (id_order, id_production, id_dealer, id_pharmacy, date, quantity) VALUES (800, 2, 77, 6, '2019-02-02', 807);
INSERT INTO lw6.`order` (id_order, id_production, id_dealer, id_pharmacy, date, quantity) VALUES (801, 148, 11, 18, '2019-06-17', 570);
INSERT INTO lw6.`order` (id_order, id_production, id_dealer, id_pharmacy, date, quantity) VALUES (802, 34, 77, 22, '2019-08-09', 405);
INSERT INTO lw6.`order` (id_order, id_production, id_dealer, id_pharmacy, date, quantity) VALUES (803, 82, 77, 1, '2019-05-27', 742);
INSERT INTO lw6.`order` (id_order, id_production, id_dealer, id_pharmacy, date, quantity) VALUES (804, 37, 47, 14, '2019-09-22', 847);
INSERT INTO lw6.`order` (id_order, id_production, id_dealer, id_pharmacy, date, quantity) VALUES (805, 33, 14, 23, '2019-04-28', 563);
INSERT INTO lw6.`order` (id_order, id_production, id_dealer, id_pharmacy, date, quantity) VALUES (806, 123, 15, 18, '2019-01-16', 909);
INSERT INTO lw6.`order` (id_order, id_production, id_dealer, id_pharmacy, date, quantity) VALUES (807, 97, 14, 13, '2019-11-30', 610);
INSERT INTO lw6.`order` (id_order, id_production, id_dealer, id_pharmacy, date, quantity) VALUES (808, 59, 15, 11, '2019-06-30', 419);
INSERT INTO lw6.`order` (id_order, id_production, id_dealer, id_pharmacy, date, quantity) VALUES (809, 136, 51, 17, '2019-11-25', 614);
INSERT INTO lw6.`order` (id_order, id_production, id_dealer, id_pharmacy, date, quantity) VALUES (810, 56, 51, 16, '2019-05-23', 567);
INSERT INTO lw6.`order` (id_order, id_production, id_dealer, id_pharmacy, date, quantity) VALUES (811, 15, 3, 13, '2019-04-24', 55);
INSERT INTO lw6.`order` (id_order, id_production, id_dealer, id_pharmacy, date, quantity) VALUES (812, 158, 79, 6, '2019-11-20', 981);
INSERT INTO lw6.`order` (id_order, id_production, id_dealer, id_pharmacy, date, quantity) VALUES (813, 11, 15, 17, '2019-04-25', 265);
INSERT INTO lw6.`order` (id_order, id_production, id_dealer, id_pharmacy, date, quantity) VALUES (814, 149, 41, 16, '2019-05-01', 229);
INSERT INTO lw6.`order` (id_order, id_production, id_dealer, id_pharmacy, date, quantity) VALUES (815, 37, 41, 10, '2019-05-23', 350);
INSERT INTO lw6.`order` (id_order, id_production, id_dealer, id_pharmacy, date, quantity) VALUES (816, 142, 79, 10, '2019-11-19', 976);
INSERT INTO lw6.`order` (id_order, id_production, id_dealer, id_pharmacy, date, quantity) VALUES (817, 57, 17, 7, '2019-05-16', 210);
INSERT INTO lw6.`order` (id_order, id_production, id_dealer, id_pharmacy, date, quantity) VALUES (818, 12, 11, 13, '2019-07-02', 445);
INSERT INTO lw6.`order` (id_order, id_production, id_dealer, id_pharmacy, date, quantity) VALUES (819, 6, 79, 1, '2019-07-29', 387);
INSERT INTO lw6.`order` (id_order, id_production, id_dealer, id_pharmacy, date, quantity) VALUES (820, 151, 3, 16, '2019-07-19', 496);
INSERT INTO lw6.`order` (id_order, id_production, id_dealer, id_pharmacy, date, quantity) VALUES (821, 77, 41, 14, '2019-08-07', 881);
INSERT INTO lw6.`order` (id_order, id_production, id_dealer, id_pharmacy, date, quantity) VALUES (822, 164, 11, 7, '2019-04-20', 207);
INSERT INTO lw6.`order` (id_order, id_production, id_dealer, id_pharmacy, date, quantity) VALUES (823, 43, 12, 16, '2019-12-04', 839);
INSERT INTO lw6.`order` (id_order, id_production, id_dealer, id_pharmacy, date, quantity) VALUES (824, 36, 11, 8, '2019-05-05', 947);
INSERT INTO lw6.`order` (id_order, id_production, id_dealer, id_pharmacy, date, quantity) VALUES (825, 87, 3, 16, '2019-12-31', 713);
INSERT INTO lw6.`order` (id_order, id_production, id_dealer, id_pharmacy, date, quantity) VALUES (826, 155, 15, 17, '2019-01-22', 777);
INSERT INTO lw6.`order` (id_order, id_production, id_dealer, id_pharmacy, date, quantity) VALUES (827, 5, 41, 5, '2019-12-18', 606);
INSERT INTO lw6.`order` (id_order, id_production, id_dealer, id_pharmacy, date, quantity) VALUES (828, 58, 77, 19, '2019-06-25', 332);
INSERT INTO lw6.`order` (id_order, id_production, id_dealer, id_pharmacy, date, quantity) VALUES (829, 84, 11, 23, '2019-02-08', 780);
INSERT INTO lw6.`order` (id_order, id_production, id_dealer, id_pharmacy, date, quantity) VALUES (830, 91, 15, 18, '2019-09-25', 803);
INSERT INTO lw6.`order` (id_order, id_production, id_dealer, id_pharmacy, date, quantity) VALUES (831, 135, 3, 17, '2019-08-27', 999);
INSERT INTO lw6.`order` (id_order, id_production, id_dealer, id_pharmacy, date, quantity) VALUES (832, 149, 67, 18, '2019-10-04', 605);
INSERT INTO lw6.`order` (id_order, id_production, id_dealer, id_pharmacy, date, quantity) VALUES (833, 94, 79, 17, '2019-02-04', 386);
INSERT INTO lw6.`order` (id_order, id_production, id_dealer, id_pharmacy, date, quantity) VALUES (834, 58, 77, 7, '2019-08-31', 118);
INSERT INTO lw6.`order` (id_order, id_production, id_dealer, id_pharmacy, date, quantity) VALUES (835, 86, 79, 25, '2019-07-26', 531);
INSERT INTO lw6.`order` (id_order, id_production, id_dealer, id_pharmacy, date, quantity) VALUES (836, 10, 77, 21, '2019-08-13', 253);
INSERT INTO lw6.`order` (id_order, id_production, id_dealer, id_pharmacy, date, quantity) VALUES (837, 30, 79, 25, '2019-02-02', 873);
INSERT INTO lw6.`order` (id_order, id_production, id_dealer, id_pharmacy, date, quantity) VALUES (838, 26, 77, 6, '2019-05-09', 64);
INSERT INTO lw6.`order` (id_order, id_production, id_dealer, id_pharmacy, date, quantity) VALUES (839, 25, 14, 19, '2019-06-16', 304);
INSERT INTO lw6.`order` (id_order, id_production, id_dealer, id_pharmacy, date, quantity) VALUES (840, 39, 3, 24, '2019-11-29', 920);
INSERT INTO lw6.`order` (id_order, id_production, id_dealer, id_pharmacy, date, quantity) VALUES (841, 98, 77, 7, '2019-03-03', 491);
INSERT INTO lw6.`order` (id_order, id_production, id_dealer, id_pharmacy, date, quantity) VALUES (842, 65, 14, 1, '2019-03-27', 518);
INSERT INTO lw6.`order` (id_order, id_production, id_dealer, id_pharmacy, date, quantity) VALUES (843, 159, 39, 3, '2019-08-14', 659);
INSERT INTO lw6.`order` (id_order, id_production, id_dealer, id_pharmacy, date, quantity) VALUES (844, 114, 77, 16, '2019-02-11', 469);
INSERT INTO lw6.`order` (id_order, id_production, id_dealer, id_pharmacy, date, quantity) VALUES (845, 111, 3, 5, '2019-09-13', 586);
INSERT INTO lw6.`order` (id_order, id_production, id_dealer, id_pharmacy, date, quantity) VALUES (846, 23, 3, 2, '2019-07-31', 856);
INSERT INTO lw6.`order` (id_order, id_production, id_dealer, id_pharmacy, date, quantity) VALUES (847, 23, 3, 15, '2019-03-27', 536);
INSERT INTO lw6.`order` (id_order, id_production, id_dealer, id_pharmacy, date, quantity) VALUES (848, 151, 3, 1, '2019-05-23', 458);
INSERT INTO lw6.`order` (id_order, id_production, id_dealer, id_pharmacy, date, quantity) VALUES (849, 87, 3, 16, '2019-10-30', 250);
INSERT INTO lw6.`order` (id_order, id_production, id_dealer, id_pharmacy, date, quantity) VALUES (850, 68, 11, 4, '2019-11-28', 489);
INSERT INTO lw6.`order` (id_order, id_production, id_dealer, id_pharmacy, date, quantity) VALUES (851, 53, 41, 22, '2019-12-20', 693);
INSERT INTO lw6.`order` (id_order, id_production, id_dealer, id_pharmacy, date, quantity) VALUES (852, 83, 15, 2, '2019-06-26', 284);
INSERT INTO lw6.`order` (id_order, id_production, id_dealer, id_pharmacy, date, quantity) VALUES (853, 96, 51, 19, '2019-03-27', 246);
INSERT INTO lw6.`order` (id_order, id_production, id_dealer, id_pharmacy, date, quantity) VALUES (854, 132, 11, 10, '2019-06-18', 365);
INSERT INTO lw6.`order` (id_order, id_production, id_dealer, id_pharmacy, date, quantity) VALUES (855, 32, 51, 22, '2019-05-29', 942);
INSERT INTO lw6.`order` (id_order, id_production, id_dealer, id_pharmacy, date, quantity) VALUES (856, 86, 79, 20, '2019-12-05', 368);
INSERT INTO lw6.`order` (id_order, id_production, id_dealer, id_pharmacy, date, quantity) VALUES (857, 161, 14, 23, '2019-06-17', 475);
INSERT INTO lw6.`order` (id_order, id_production, id_dealer, id_pharmacy, date, quantity) VALUES (858, 14, 79, 2, '2019-02-16', 9);
INSERT INTO lw6.`order` (id_order, id_production, id_dealer, id_pharmacy, date, quantity) VALUES (859, 86, 79, 7, '2019-11-26', 94);
INSERT INTO lw6.`order` (id_order, id_production, id_dealer, id_pharmacy, date, quantity) VALUES (860, 166, 60, 2, '2019-08-30', 800);
INSERT INTO lw6.`order` (id_order, id_production, id_dealer, id_pharmacy, date, quantity) VALUES (861, 74, 77, 18, '2019-01-13', 55);
INSERT INTO lw6.`order` (id_order, id_production, id_dealer, id_pharmacy, date, quantity) VALUES (862, 29, 56, 7, '2019-01-27', 277);
INSERT INTO lw6.`order` (id_order, id_production, id_dealer, id_pharmacy, date, quantity) VALUES (863, 27, 8, 25, '2019-10-15', 325);
INSERT INTO lw6.`order` (id_order, id_production, id_dealer, id_pharmacy, date, quantity) VALUES (864, 81, 14, 23, '2019-06-03', 56);
INSERT INTO lw6.`order` (id_order, id_production, id_dealer, id_pharmacy, date, quantity) VALUES (865, 14, 79, 11, '2019-07-31', 341);
INSERT INTO lw6.`order` (id_order, id_production, id_dealer, id_pharmacy, date, quantity) VALUES (866, 123, 15, 7, '2019-04-26', 603);
INSERT INTO lw6.`order` (id_order, id_production, id_dealer, id_pharmacy, date, quantity) VALUES (867, 165, 41, 22, '2019-01-09', 871);
INSERT INTO lw6.`order` (id_order, id_production, id_dealer, id_pharmacy, date, quantity) VALUES (868, 12, 11, 4, '2019-05-25', 297);
INSERT INTO lw6.`order` (id_order, id_production, id_dealer, id_pharmacy, date, quantity) VALUES (869, 27, 15, 12, '2019-12-26', 79);
INSERT INTO lw6.`order` (id_order, id_production, id_dealer, id_pharmacy, date, quantity) VALUES (870, 1, 14, 20, '2019-05-19', 514);
INSERT INTO lw6.`order` (id_order, id_production, id_dealer, id_pharmacy, date, quantity) VALUES (871, 93, 41, 17, '2019-12-05', 150);
INSERT INTO lw6.`order` (id_order, id_production, id_dealer, id_pharmacy, date, quantity) VALUES (872, 141, 41, 10, '2019-06-22', 423);
INSERT INTO lw6.`order` (id_order, id_production, id_dealer, id_pharmacy, date, quantity) VALUES (873, 84, 11, 13, '2019-08-12', 800);
INSERT INTO lw6.`order` (id_order, id_production, id_dealer, id_pharmacy, date, quantity) VALUES (874, 53, 41, 13, '2019-06-24', 714);
INSERT INTO lw6.`order` (id_order, id_production, id_dealer, id_pharmacy, date, quantity) VALUES (875, 31, 3, 3, '2019-08-04', 820);
INSERT INTO lw6.`order` (id_order, id_production, id_dealer, id_pharmacy, date, quantity) VALUES (876, 24, 51, 4, '2019-06-18', 600);
INSERT INTO lw6.`order` (id_order, id_production, id_dealer, id_pharmacy, date, quantity) VALUES (877, 168, 51, 17, '2019-02-10', 184);
INSERT INTO lw6.`order` (id_order, id_production, id_dealer, id_pharmacy, date, quantity) VALUES (878, 21, 41, 25, '2019-02-05', 764);
INSERT INTO lw6.`order` (id_order, id_production, id_dealer, id_pharmacy, date, quantity) VALUES (879, 108, 11, 16, '2019-08-04', 919);
INSERT INTO lw6.`order` (id_order, id_production, id_dealer, id_pharmacy, date, quantity) VALUES (880, 68, 11, 22, '2019-02-18', 903);
INSERT INTO lw6.`order` (id_order, id_production, id_dealer, id_pharmacy, date, quantity) VALUES (881, 80, 51, 20, '2019-06-12', 588);
INSERT INTO lw6.`order` (id_order, id_production, id_dealer, id_pharmacy, date, quantity) VALUES (882, 139, 15, 10, '2019-02-24', 534);
INSERT INTO lw6.`order` (id_order, id_production, id_dealer, id_pharmacy, date, quantity) VALUES (883, 41, 14, 11, '2019-03-18', 526);
INSERT INTO lw6.`order` (id_order, id_production, id_dealer, id_pharmacy, date, quantity) VALUES (884, 59, 15, 18, '2019-09-28', 587);
INSERT INTO lw6.`order` (id_order, id_production, id_dealer, id_pharmacy, date, quantity) VALUES (885, 94, 79, 17, '2019-01-06', 122);
INSERT INTO lw6.`order` (id_order, id_production, id_dealer, id_pharmacy, date, quantity) VALUES (886, 76, 11, 24, '2019-04-26', 611);
INSERT INTO lw6.`order` (id_order, id_production, id_dealer, id_pharmacy, date, quantity) VALUES (887, 73, 14, 25, '2019-04-13', 143);
INSERT INTO lw6.`order` (id_order, id_production, id_dealer, id_pharmacy, date, quantity) VALUES (888, 1, 14, 23, '2019-04-18', 796);
INSERT INTO lw6.`order` (id_order, id_production, id_dealer, id_pharmacy, date, quantity) VALUES (889, 60, 11, 1, '2019-08-16', 661);
INSERT INTO lw6.`order` (id_order, id_production, id_dealer, id_pharmacy, date, quantity) VALUES (890, 98, 77, 20, '2019-07-26', 479);
INSERT INTO lw6.`order` (id_order, id_production, id_dealer, id_pharmacy, date, quantity) VALUES (891, 66, 77, 18, '2019-04-14', 623);
INSERT INTO lw6.`order` (id_order, id_production, id_dealer, id_pharmacy, date, quantity) VALUES (892, 93, 41, 21, '2019-05-04', 923);
INSERT INTO lw6.`order` (id_order, id_production, id_dealer, id_pharmacy, date, quantity) VALUES (893, 36, 11, 1, '2019-03-08', 159);
INSERT INTO lw6.`order` (id_order, id_production, id_dealer, id_pharmacy, date, quantity) VALUES (894, 116, 11, 11, '2019-11-07', 982);
INSERT INTO lw6.`order` (id_order, id_production, id_dealer, id_pharmacy, date, quantity) VALUES (895, 149, 57, 19, '2019-03-07', 143);
INSERT INTO lw6.`order` (id_order, id_production, id_dealer, id_pharmacy, date, quantity) VALUES (896, 52, 11, 10, '2019-12-06', 573);
INSERT INTO lw6.`order` (id_order, id_production, id_dealer, id_pharmacy, date, quantity) VALUES (897, 106, 77, 22, '2019-12-30', 774);
INSERT INTO lw6.`order` (id_order, id_production, id_dealer, id_pharmacy, date, quantity) VALUES (898, 147, 15, 3, '2019-05-07', 323);
INSERT INTO lw6.`order` (id_order, id_production, id_dealer, id_pharmacy, date, quantity) VALUES (899, 116, 11, 17, '2019-11-04', 419);
INSERT INTO lw6.`order` (id_order, id_production, id_dealer, id_pharmacy, date, quantity) VALUES (900, 74, 19, 1, '2019-12-19', 584);
INSERT INTO lw6.`order` (id_order, id_production, id_dealer, id_pharmacy, date, quantity) VALUES (901, 57, 14, 13, '2019-08-06', 628);
INSERT INTO lw6.`order` (id_order, id_production, id_dealer, id_pharmacy, date, quantity) VALUES (902, 139, 15, 8, '2019-07-20', 951);
INSERT INTO lw6.`order` (id_order, id_production, id_dealer, id_pharmacy, date, quantity) VALUES (903, 15, 3, 25, '2019-08-04', 729);
INSERT INTO lw6.`order` (id_order, id_production, id_dealer, id_pharmacy, date, quantity) VALUES (904, 118, 79, 23, '2019-05-06', 609);
INSERT INTO lw6.`order` (id_order, id_production, id_dealer, id_pharmacy, date, quantity) VALUES (905, 128, 51, 14, '2019-01-08', 681);
INSERT INTO lw6.`order` (id_order, id_production, id_dealer, id_pharmacy, date, quantity) VALUES (906, 78, 58, 11, '2019-01-11', 873);
INSERT INTO lw6.`order` (id_order, id_production, id_dealer, id_pharmacy, date, quantity) VALUES (907, 27, 15, 5, '2019-07-18', 18);
INSERT INTO lw6.`order` (id_order, id_production, id_dealer, id_pharmacy, date, quantity) VALUES (908, 81, 14, 9, '2019-07-27', 574);
INSERT INTO lw6.`order` (id_order, id_production, id_dealer, id_pharmacy, date, quantity) VALUES (909, 39, 3, 17, '2019-12-25', 769);
INSERT INTO lw6.`order` (id_order, id_production, id_dealer, id_pharmacy, date, quantity) VALUES (910, 155, 15, 10, '2019-08-10', 927);
INSERT INTO lw6.`order` (id_order, id_production, id_dealer, id_pharmacy, date, quantity) VALUES (911, 54, 79, 3, '2019-08-17', 440);
INSERT INTO lw6.`order` (id_order, id_production, id_dealer, id_pharmacy, date, quantity) VALUES (912, 99, 15, 4, '2019-11-27', 676);
INSERT INTO lw6.`order` (id_order, id_production, id_dealer, id_pharmacy, date, quantity) VALUES (913, 158, 79, 6, '2019-02-18', 459);
INSERT INTO lw6.`order` (id_order, id_production, id_dealer, id_pharmacy, date, quantity) VALUES (914, 98, 16, 2, '2019-07-03', 834);
INSERT INTO lw6.`order` (id_order, id_production, id_dealer, id_pharmacy, date, quantity) VALUES (915, 133, 41, 7, '2019-11-16', 431);
INSERT INTO lw6.`order` (id_order, id_production, id_dealer, id_pharmacy, date, quantity) VALUES (916, 48, 51, 12, '2019-10-30', 292);
INSERT INTO lw6.`order` (id_order, id_production, id_dealer, id_pharmacy, date, quantity) VALUES (917, 127, 42, 4, '2019-09-03', 559);
INSERT INTO lw6.`order` (id_order, id_production, id_dealer, id_pharmacy, date, quantity) VALUES (918, 7, 3, 21, '2019-12-03', 975);
INSERT INTO lw6.`order` (id_order, id_production, id_dealer, id_pharmacy, date, quantity) VALUES (919, 95, 3, 21, '2019-09-08', 92);
INSERT INTO lw6.`order` (id_order, id_production, id_dealer, id_pharmacy, date, quantity) VALUES (920, 18, 77, 2, '2019-03-12', 54);
INSERT INTO lw6.`order` (id_order, id_production, id_dealer, id_pharmacy, date, quantity) VALUES (921, 136, 51, 9, '2019-09-22', 713);
INSERT INTO lw6.`order` (id_order, id_production, id_dealer, id_pharmacy, date, quantity) VALUES (922, 121, 14, 17, '2019-06-19', 277);
INSERT INTO lw6.`order` (id_order, id_production, id_dealer, id_pharmacy, date, quantity) VALUES (923, 163, 10, 3, '2019-04-18', 603);
INSERT INTO lw6.`order` (id_order, id_production, id_dealer, id_pharmacy, date, quantity) VALUES (924, 59, 63, 24, '2019-10-16', 952);
INSERT INTO lw6.`order` (id_order, id_production, id_dealer, id_pharmacy, date, quantity) VALUES (925, 167, 3, 13, '2019-09-11', 43);
INSERT INTO lw6.`order` (id_order, id_production, id_dealer, id_pharmacy, date, quantity) VALUES (926, 70, 79, 18, '2019-01-07', 44);
INSERT INTO lw6.`order` (id_order, id_production, id_dealer, id_pharmacy, date, quantity) VALUES (927, 127, 3, 10, '2019-06-26', 61);
INSERT INTO lw6.`order` (id_order, id_production, id_dealer, id_pharmacy, date, quantity) VALUES (928, 22, 79, 9, '2019-01-02', 66);
INSERT INTO lw6.`order` (id_order, id_production, id_dealer, id_pharmacy, date, quantity) VALUES (929, 30, 79, 25, '2019-07-01', 682);
INSERT INTO lw6.`order` (id_order, id_production, id_dealer, id_pharmacy, date, quantity) VALUES (930, 92, 11, 15, '2019-06-06', 649);
INSERT INTO lw6.`order` (id_order, id_production, id_dealer, id_pharmacy, date, quantity) VALUES (931, 128, 51, 3, '2019-08-05', 980);
INSERT INTO lw6.`order` (id_order, id_production, id_dealer, id_pharmacy, date, quantity) VALUES (932, 160, 51, 23, '2019-05-16', 439);
INSERT INTO lw6.`order` (id_order, id_production, id_dealer, id_pharmacy, date, quantity) VALUES (933, 162, 77, 23, '2019-08-04', 225);
INSERT INTO lw6.`order` (id_order, id_production, id_dealer, id_pharmacy, date, quantity) VALUES (934, 164, 11, 24, '2019-10-02', 825);
INSERT INTO lw6.`order` (id_order, id_production, id_dealer, id_pharmacy, date, quantity) VALUES (935, 34, 77, 10, '2019-05-25', 251);
INSERT INTO lw6.`order` (id_order, id_production, id_dealer, id_pharmacy, date, quantity) VALUES (936, 113, 14, 25, '2019-06-23', 370);
INSERT INTO lw6.`order` (id_order, id_production, id_dealer, id_pharmacy, date, quantity) VALUES (937, 126, 79, 3, '2019-09-11', 481);
INSERT INTO lw6.`order` (id_order, id_production, id_dealer, id_pharmacy, date, quantity) VALUES (938, 133, 41, 25, '2019-08-07', 915);
INSERT INTO lw6.`order` (id_order, id_production, id_dealer, id_pharmacy, date, quantity) VALUES (939, 16, 51, 19, '2019-05-24', 359);
INSERT INTO lw6.`order` (id_order, id_production, id_dealer, id_pharmacy, date, quantity) VALUES (940, 111, 3, 23, '2019-12-25', 67);
INSERT INTO lw6.`order` (id_order, id_production, id_dealer, id_pharmacy, date, quantity) VALUES (941, 168, 51, 15, '2019-06-21', 876);
INSERT INTO lw6.`order` (id_order, id_production, id_dealer, id_pharmacy, date, quantity) VALUES (942, 160, 51, 6, '2019-04-28', 765);
INSERT INTO lw6.`order` (id_order, id_production, id_dealer, id_pharmacy, date, quantity) VALUES (943, 132, 11, 19, '2019-07-27', 829);
INSERT INTO lw6.`order` (id_order, id_production, id_dealer, id_pharmacy, date, quantity) VALUES (944, 38, 79, 14, '2019-03-31', 144);
INSERT INTO lw6.`order` (id_order, id_production, id_dealer, id_pharmacy, date, quantity) VALUES (945, 137, 14, 5, '2019-05-23', 598);
INSERT INTO lw6.`order` (id_order, id_production, id_dealer, id_pharmacy, date, quantity) VALUES (946, 72, 51, 13, '2019-01-06', 911);
INSERT INTO lw6.`order` (id_order, id_production, id_dealer, id_pharmacy, date, quantity) VALUES (947, 126, 79, 12, '2019-10-23', 953);
INSERT INTO lw6.`order` (id_order, id_production, id_dealer, id_pharmacy, date, quantity) VALUES (948, 159, 3, 6, '2019-01-15', 285);
INSERT INTO lw6.`order` (id_order, id_production, id_dealer, id_pharmacy, date, quantity) VALUES (949, 168, 1, 21, '2019-06-15', 205);
INSERT INTO lw6.`order` (id_order, id_production, id_dealer, id_pharmacy, date, quantity) VALUES (950, 88, 51, 6, '2019-11-29', 476);
INSERT INTO lw6.`order` (id_order, id_production, id_dealer, id_pharmacy, date, quantity) VALUES (951, 85, 41, 5, '2019-04-17', 678);
INSERT INTO lw6.`order` (id_order, id_production, id_dealer, id_pharmacy, date, quantity) VALUES (952, 138, 77, 4, '2019-01-31', 919);
INSERT INTO lw6.`order` (id_order, id_production, id_dealer, id_pharmacy, date, quantity) VALUES (953, 43, 15, 4, '2019-09-02', 30);
INSERT INTO lw6.`order` (id_order, id_production, id_dealer, id_pharmacy, date, quantity) VALUES (954, 65, 14, 11, '2019-12-26', 324);
INSERT INTO lw6.`order` (id_order, id_production, id_dealer, id_pharmacy, date, quantity) VALUES (955, 167, 3, 20, '2019-04-06', 727);
INSERT INTO lw6.`order` (id_order, id_production, id_dealer, id_pharmacy, date, quantity) VALUES (956, 69, 41, 3, '2019-02-01', 480);
INSERT INTO lw6.`order` (id_order, id_production, id_dealer, id_pharmacy, date, quantity) VALUES (957, 46, 79, 13, '2019-11-09', 537);
INSERT INTO lw6.`order` (id_order, id_production, id_dealer, id_pharmacy, date, quantity) VALUES (958, 37, 41, 20, '2019-04-29', 807);
INSERT INTO lw6.`order` (id_order, id_production, id_dealer, id_pharmacy, date, quantity) VALUES (959, 83, 8, 19, '2019-08-08', 257);
INSERT INTO lw6.`order` (id_order, id_production, id_dealer, id_pharmacy, date, quantity) VALUES (960, 13, 41, 6, '2019-02-10', 31);
INSERT INTO lw6.`order` (id_order, id_production, id_dealer, id_pharmacy, date, quantity) VALUES (961, 96, 51, 5, '2019-07-28', 775);
INSERT INTO lw6.`order` (id_order, id_production, id_dealer, id_pharmacy, date, quantity) VALUES (962, 82, 77, 12, '2019-12-06', 96);
INSERT INTO lw6.`order` (id_order, id_production, id_dealer, id_pharmacy, date, quantity) VALUES (963, 164, 11, 24, '2019-05-02', 354);
INSERT INTO lw6.`order` (id_order, id_production, id_dealer, id_pharmacy, date, quantity) VALUES (964, 6, 79, 12, '2019-05-04', 521);
INSERT INTO lw6.`order` (id_order, id_production, id_dealer, id_pharmacy, date, quantity) VALUES (965, 10, 77, 12, '2019-01-17', 195);
INSERT INTO lw6.`order` (id_order, id_production, id_dealer, id_pharmacy, date, quantity) VALUES (966, 68, 11, 5, '2019-03-31', 814);
INSERT INTO lw6.`order` (id_order, id_production, id_dealer, id_pharmacy, date, quantity) VALUES (967, 127, 3, 14, '2019-11-28', 226);
INSERT INTO lw6.`order` (id_order, id_production, id_dealer, id_pharmacy, date, quantity) VALUES (968, 136, 80, 17, '2019-01-18', 907);
INSERT INTO lw6.`order` (id_order, id_production, id_dealer, id_pharmacy, date, quantity) VALUES (969, 39, 3, 15, '2019-08-07', 24);
INSERT INTO lw6.`order` (id_order, id_production, id_dealer, id_pharmacy, date, quantity) VALUES (970, 65, 14, 21, '2019-11-05', 50);
INSERT INTO lw6.`order` (id_order, id_production, id_dealer, id_pharmacy, date, quantity) VALUES (971, 114, 77, 14, '2019-12-02', 806);
INSERT INTO lw6.`order` (id_order, id_production, id_dealer, id_pharmacy, date, quantity) VALUES (972, 31, 3, 1, '2019-12-12', 889);
INSERT INTO lw6.`order` (id_order, id_production, id_dealer, id_pharmacy, date, quantity) VALUES (973, 36, 11, 13, '2019-10-13', 461);
INSERT INTO lw6.`order` (id_order, id_production, id_dealer, id_pharmacy, date, quantity) VALUES (974, 148, 11, 10, '2019-05-14', 206);
INSERT INTO lw6.`order` (id_order, id_production, id_dealer, id_pharmacy, date, quantity) VALUES (975, 66, 77, 3, '2019-07-07', 328);
INSERT INTO lw6.`order` (id_order, id_production, id_dealer, id_pharmacy, date, quantity) VALUES (976, 104, 51, 20, '2019-07-25', 711);
INSERT INTO lw6.`order` (id_order, id_production, id_dealer, id_pharmacy, date, quantity) VALUES (977, 9, 14, 20, '2019-02-18', 194);
INSERT INTO lw6.`order` (id_order, id_production, id_dealer, id_pharmacy, date, quantity) VALUES (978, 103, 3, 20, '2019-10-06', 9);
INSERT INTO lw6.`order` (id_order, id_production, id_dealer, id_pharmacy, date, quantity) VALUES (979, 83, 15, 18, '2019-09-05', 737);
INSERT INTO lw6.`order` (id_order, id_production, id_dealer, id_pharmacy, date, quantity) VALUES (980, 66, 77, 11, '2019-01-21', 255);
INSERT INTO lw6.`order` (id_order, id_production, id_dealer, id_pharmacy, date, quantity) VALUES (981, 108, 28, 17, '2019-10-11', 121);
INSERT INTO lw6.`order` (id_order, id_production, id_dealer, id_pharmacy, date, quantity) VALUES (982, 37, 44, 4, '2019-08-16', 186);
INSERT INTO lw6.`order` (id_order, id_production, id_dealer, id_pharmacy, date, quantity) VALUES (983, 14, 79, 9, '2019-01-12', 568);
INSERT INTO lw6.`order` (id_order, id_production, id_dealer, id_pharmacy, date, quantity) VALUES (984, 133, 41, 12, '2019-05-03', 702);
INSERT INTO lw6.`order` (id_order, id_production, id_dealer, id_pharmacy, date, quantity) VALUES (985, 117, 41, 9, '2019-09-24', 263);
INSERT INTO lw6.`order` (id_order, id_production, id_dealer, id_pharmacy, date, quantity) VALUES (986, 128, 51, 8, '2019-07-15', 972);
INSERT INTO lw6.`order` (id_order, id_production, id_dealer, id_pharmacy, date, quantity) VALUES (987, 56, 51, 18, '2019-04-09', 913);
INSERT INTO lw6.`order` (id_order, id_production, id_dealer, id_pharmacy, date, quantity) VALUES (988, 155, 15, 3, '2019-02-05', 604);
INSERT INTO lw6.`order` (id_order, id_production, id_dealer, id_pharmacy, date, quantity) VALUES (989, 141, 41, 6, '2019-01-29', 509);
INSERT INTO lw6.`order` (id_order, id_production, id_dealer, id_pharmacy, date, quantity) VALUES (990, 15, 3, 21, '2019-07-20', 614);
INSERT INTO lw6.`order` (id_order, id_production, id_dealer, id_pharmacy, date, quantity) VALUES (991, 87, 3, 21, '2019-11-09', 394);
INSERT INTO lw6.`order` (id_order, id_production, id_dealer, id_pharmacy, date, quantity) VALUES (992, 61, 41, 14, '2019-09-07', 36);
INSERT INTO lw6.`order` (id_order, id_production, id_dealer, id_pharmacy, date, quantity) VALUES (993, 157, 47, 15, '2019-11-08', 274);
INSERT INTO lw6.`order` (id_order, id_production, id_dealer, id_pharmacy, date, quantity) VALUES (994, 44, 11, 16, '2019-01-22', 178);
INSERT INTO lw6.`order` (id_order, id_production, id_dealer, id_pharmacy, date, quantity) VALUES (995, 82, 77, 1, '2019-06-21', 274);
INSERT INTO lw6.`order` (id_order, id_production, id_dealer, id_pharmacy, date, quantity) VALUES (996, 168, 51, 17, '2019-09-25', 584);
INSERT INTO lw6.`order` (id_order, id_production, id_dealer, id_pharmacy, date, quantity) VALUES (997, 42, 77, 7, '2019-01-31', 195);
INSERT INTO lw6.`order` (id_order, id_production, id_dealer, id_pharmacy, date, quantity) VALUES (998, 27, 15, 6, '2019-01-08', 708);
INSERT INTO lw6.`order` (id_order, id_production, id_dealer, id_pharmacy, date, quantity) VALUES (999, 119, 3, 6, '2019-04-02', 178);

COMMIT;

